,index,Unnamed: 0,sugar to flour ratio,sugar index,bake temp,chill time,calories,density,pH,grams baking soda,bake time,quality,butter type,weight,diameter,mixins,crunch factor,aesthetic appeal
0,0,14,0.62,19.25,400,41.0,172.0,1.0002,7.98,0.67,9.7,7.9512051334777425,melted,16.6,7,"nuts, chocolate",1.85,3
1,1,26,0.35,1.0,520,35.0,146.0,0.993,8.45,0.44,10.0,7.670996415661875,melted,13.8,7,chocolate,1.43,3
2,2,30,0.39,10.4,440,20.0,142.0,0.9974,8.2,0.53,10.0,7.818067682818338,melted,17.0,7,chocolate,1.57,3
3,3,52,0.33,1.1,570,21.0,82.0,0.991,8.32,0.46,10.9,7.806053812455275,melted,12.4,7,"chocolate, oats",1.44,3
4,4,100,0.37,13.5,600,52.0,192.0,0.9975,8.0,0.44,9.1,7.708742137862771,melted,14.8,7,chocolate,1.51,3
5,5,180,0.31,5.5,480,42.0,173.0,0.9951,8.19,0.66,9.3,7.744702657340554,melted,12.8,7,raisins,1.86,3
6,6,204,0.35,2.3,530,36.0,114.0,0.9924,8.28,0.5,10.2,7.745164883510682,melted,11.6,7,chocolate,1.23,3
7,7,207,0.88,6.2,490,20.0,124.0,0.9968,7.99,0.51,9.9,7.4223959444655065,melted,20.4,7,"nuts, chocolate",1.36,3
8,8,216,0.36,7.0,360,45.0,164.0,0.9939,8.03,0.33,11.0,7.9564587135555485,melted,15.0,7,chocolate,1.21,3
9,9,228,0.32,2.4,480,41.0,200.0,0.9938,8.5,0.5,9.7,7.520888115372941,melted,12.8,7,"chocolate, oats",1.37,3
10,10,293,0.22,7.3,410,26.0,157.0,0.9957,8.44,0.64,9.8,7.779515202244568,melted,12.4,7,chocolate,1.09,3
11,11,309,0.26,4.8,370,36.0,148.0,0.9928,8.21,0.41,10.4,7.925000399559991,melted,12.4,7,raisins,1.0,3
12,12,327,0.23,6.3,390,37.0,143.0,0.9944,8.19,0.65,10.0,7.9912815745619525,melted,12.8,7,raisins,1.42,3
13,13,329,0.41,1.3,360,33.0,85.0,0.992,8.17,0.51,10.4,7.869304104046449,melted,14.4,7,chocolate,1.69,3
14,14,332,0.3,1.8,330,16.0,91.0,0.9906,8.28,0.4,11.8,8.138703762273593,melted,12.6,7,chocolate,1.72,3
15,15,340,0.43,7.8,450,27.0,153.0,0.9964,8.19,0.55,9.0,7.5164710878932794,melted,14.8,7,chocolate,1.98,3
16,16,347,0.41,15.6,560,75.0,155.0,0.9995,8.2,0.44,8.8,7.539955144069324,melted,13.4,7,"chocolate, oats",1.81,3
17,17,357,0.33,1.1,500,24.0,169.0,0.9927,8.15,0.78,9.5,7.76837508272115,melted,12.2,7,raisins,1.63,3
18,18,393,0.43,2.0,210,20.0,69.0,0.99,8.08,0.56,12.2,8.508159544161146,melted,14.6,7,chocolate,1.05,3
19,19,397,0.4,1.5,370,35.0,107.0,0.9917,8.46,0.5,11.4,8.18355094505796,melted,12.6,7,chocolate,1.33,3
20,20,408,0.39,1.2,440,26.0,116.0,0.992,8.26,0.53,10.3,7.62177680227262,melted,12.6,7,"chocolate, oats",1.15,3
21,21,438,0.34,2.3,450,73.5,214.0,0.9934,8.18,0.61,9.9,7.8039545156043175,melted,14.8,7,"chocolate, oats",1.25,3
22,22,440,0.37,1.6,280,24.0,102.0,0.9913,8.29,0.59,11.6,8.264297252479679,melted,13.4,7,chocolate,1.26,3
23,23,469,0.53,18.15,470,59.0,182.0,0.9992,8.09,0.52,9.6,8.111219866208472,melted,14.4,7,chocolate,1.97,3
24,24,480,0.34,8.9,430,31.0,172.0,0.9964,8.22,0.6,9.2,7.379775994866435,melted,13.4,7,"nuts, chocolate",1.52,3
25,25,499,0.62,10.8,410,70.0,189.0,0.9976,8.08,0.49,8.6,7.341494949083341,melted,14.4,7,"nuts, chocolate",1.6,3
26,26,503,0.29,2.25,370,8.0,210.0,0.9937,8.19,0.62,9.9,7.598337325249588,melted,13.0,7,raisins,1.66,3
27,27,510,0.12,1.3,410,62.0,138.0,0.9921,8.21,0.42,10.0,7.74386395295835,melted,13.4,7,chocolate,1.68,3
28,28,541,0.65,10.4,500,76.0,192.0,0.9976,8.16,0.42,8.7,7.327853040070181,melted,14.4,7,"nuts, chocolate",1.14,3
29,29,607,0.29,7.5,490,38.0,158.0,0.9965,8.43,0.38,9.6,7.571538073944538,melted,14.6,7,chocolate,1.85,3
30,30,617,0.27,1.9,510,52.0,195.0,0.9928,8.23,0.5,10.9,8.036811895909693,melted,15.6,7,chocolate,1.25,3
31,31,642,0.33,13.9,460,68.0,179.0,0.9971,8.36,0.5,10.4,8.271722203860975,melted,12.6,7,chocolate,1.35,3
32,32,699,0.48,14.2,420,62.0,204.0,0.9983,8.06,0.59,9.4,8.063924144026032,melted,14.8,7,raisins,1.34,3
33,33,714,0.26,2.7,380,39.0,187.0,0.99325,8.41,0.5,10.8,7.972339154000679,melted,12.0,7,raisins,1.55,3
34,34,722,0.34,1.6,320,23.0,128.0,0.9917,8.37,0.47,11.7,8.272907326461137,melted,13.8,7,raisins,1.54,3
35,35,759,0.4,1.2,470,54.0,134.0,0.9932,8.3,0.97,9.8,8.047037693686434,melted,14.2,7,"chocolate, oats",1.01,3
36,36,836,0.36,2.1,340,30.0,177.0,0.99085,8.25,0.4,11.9,8.317680165489264,melted,14.6,7,chocolate,1.73,3
37,37,844,0.29,1.6,340,29.0,118.0,0.9917,8.3,0.5,11.0,8.08312668251969,melted,14.6,7,chocolate,1.34,3
38,38,881,0.44,1.9,400,9.0,121.0,0.9953,8.19,0.48,9.9,7.462848153175912,melted,17.6,7,raisins,1.63,3
39,39,920,0.32,4.6,570,59.0,144.0,0.9956,8.55,0.44,9.4,7.493436141190102,melted,14.0,7,"chocolate, oats",1.51,3
40,40,988,0.33,1.6,430,63.0,149.0,0.9925,8.44,0.52,10.8,8.026206044353444,melted,13.8,7,"chocolate, oats",1.96,3
41,41,996,0.34,1.3,460,6.0,29.0,0.9924,8.29,0.63,10.4,7.706952128279937,melted,12.0,7,chocolate,1.03,3
42,42,1009,0.39,1.3,550,32.0,146.0,0.993,8.08,0.39,10.5,7.516770508910668,melted,16.6,7,"chocolate, oats",1.51,3
43,43,1015,0.22,2.8,360,19.0,113.0,0.9926,8.03,0.29,10.2,7.601950296712346,melted,15.2,7,raisins,1.77,3
44,44,1016,0.47,11.2,710,44.0,136.0,0.9968,7.98,0.88,9.2,8.113381589023646,melted,13.6,7,raisins,1.67,3
45,45,1031,0.29,7.6,470,45.0,232.0,0.9955,8.35,0.62,10.0,8.023216022031107,melted,12.4,7,raisins,1.5,3
46,46,1063,0.26,4.1,730,36.0,202.0,0.9956,8.3,0.67,9.5,7.5283395958704205,melted,13.4,7,chocolate,1.0,3
47,47,1067,0.34,2.6,370,33.0,125.0,0.9923,8.1,0.49,11.1,7.858438621683433,melted,15.0,7,"chocolate, oats",1.1,3
48,48,1071,0.38,14.8,540,32.0,126.0,1.0002,8.22,0.5,9.7,7.703033375308081,melted,16.6,7,chocolate,1.53,3
49,49,1080,0.33,4.7,590,31.0,118.0,0.9956,8.43,0.39,9.0,7.15060265787065,melted,13.6,7,"chocolate, oats",1.81,3
50,50,1085,0.69,10.2,410,58.0,160.0,0.9977,8.06,0.45,8.6,7.550790809449865,melted,14.6,7,raisins,1.81,3
51,51,1117,0.34,8.3,370,33.0,216.0,0.9976,8.31,0.64,9.7,7.506528981031096,melted,16.2,7,"nuts, chocolate",1.97,3
52,52,1146,0.32,1.1,310,15.0,151.0,0.9936,8.03,0.41,10.6,7.553574069618946,melted,18.2,7,chocolate,1.61,3
53,53,1154,0.3,4.8,370,37.0,171.0,0.9967,8.47,0.44,9.0,7.210842051330559,melted,15.8,7,"chocolate, oats",1.87,3
54,54,1156,0.29,16.85,540,23.0,135.0,0.9998,8.16,0.38,9.0,7.6379532226425795,melted,15.6,7,raisins,1.41,3
55,55,1182,0.33,2.0,450,31.0,101.0,0.9931,8.42,0.55,11.4,8.130818711787498,melted,14.8,7,chocolate,1.7,3
56,56,1206,0.46,15.55,370,61.0,171.0,0.9986,7.94,0.35,8.8,7.54357357102532,melted,14.0,7,chocolate,1.8,3
57,57,1213,0.16,1.5,490,10.0,97.0,0.9917,8.48,0.44,10.7,7.800845466754197,melted,10.0,7,raisins,1.36,3
58,58,1229,0.42,1.15,330,18.0,96.0,0.9911,8.2,0.32,12.4,8.353696200875078,melted,16.6,7,raisins,1.81,3
59,59,1231,0.37,4.5,300,40.0,114.0,0.992,8.17,0.54,12.4,8.387791477998945,melted,15.8,7,"nuts, chocolate",1.46,3
60,60,1259,0.38,6.8,360,64.0,245.0,0.9951,8.06,0.36,9.3,7.455280831201833,melted,12.4,7,chocolate,2.0,3
61,61,1327,0.33,1.5,470,44.0,167.0,0.9928,8.12,0.44,10.5,7.674632304125964,melted,13.6,7,chocolate,1.95,3
62,62,1341,0.23,2.0,290,13.0,151.0,0.9931,8.04,0.33,10.4,7.254687858308358,melted,15.2,7,"nuts,raisins",1.4,3
63,63,1375,0.32,1.7,320,30.0,130.0,0.9911,8.28,0.41,11.2,8.123448781703303,melted,12.4,7,raisins,1.75,3
64,64,1402,0.29,5.4,440,31.0,122.0,0.9940000000000001,8.3,0.5,11.1,7.834330433205139,melted,14.8,7,"nuts, chocolate",1.64,3
65,65,1416,0.26,1.3,450,16.0,128.0,0.9934,8.36,0.6,10.0,7.598048789969226,melted,13.2,7,chocolate,1.41,3
66,66,1435,0.24,14.2,530,19.0,94.0,0.9982,8.17,0.5,9.6,7.672883310985355,melted,13.8,7,chocolate,1.57,3
67,67,1438,0.49,7.1,500,67.0,210.0,0.9951,8.23,0.34,9.5,7.6424188099136074,melted,12.6,7,chocolate,1.77,3
68,68,1442,0.49,1.2,610,27.0,117.0,0.9938,8.08,0.34,9.4,7.227707179062492,melted,16.0,7,chocolate,1.31,3
69,69,1445,0.74,4.45,440,33.0,130.0,0.9924,8.25,0.42,12.2,8.548390136095662,melted,16.6,7,chocolate,1.95,3
70,70,1461,0.49,5.4,480,54.0,164.0,0.9946,8.56,0.44,10.8,7.910010820571102,melted,12.8,7,"chocolate, oats",1.01,3
71,71,1467,0.49,3.0,300,30.0,96.0,0.9903,8.13,0.39,12.3,8.46993477711868,melted,14.2,7,chocolate,1.68,3
72,72,1474,0.24,3.6,570,13.0,85.0,0.9942,7.99,0.48,9.5,7.234866882973563,melted,13.8,7,chocolate,1.38,3
73,73,1621,0.49,1.6,500,17.0,131.0,0.9956,8.13,0.34,9.4,7.172477019588911,melted,17.8,7,raisins,1.45,3
74,74,1624,0.49,1.0,390,46.0,131.0,0.993,8.09,0.51,10.5,7.787443637454999,melted,18.0,7,"chocolate, oats",1.45,3
75,75,1630,0.24,1.8,530,6.0,121.0,0.993,8.23,0.7,11.4,7.967878719941979,melted,13.8,7,chocolate,1.54,3
76,76,1652,0.49,1.0,440,29.0,118.0,0.9928,8.24,0.36,10.9,7.808586033703676,melted,16.4,7,chocolate,1.83,3
77,77,1655,0.49,1.3,460,27.0,142.0,0.9936,8.09,0.59,10.2,7.672594813443709,melted,15.6,7,chocolate,1.99,3
78,78,1659,0.49,7.7,490,53.0,217.0,0.996,8.16,0.4,9.3,7.605158443660315,melted,13.2,7,raisins,1.68,3
79,79,1662,0.49,1.4,470,30.0,114.0,0.9914,7.92,0.42,10.8,7.74233907031865,melted,13.4,7,chocolate,1.67,3
80,80,1664,0.46,15.4,590,32.0,177.0,1.0004,8.27,0.58,9.0,7.687360575903739,melted,16.2,7,chocolate,1.03,3
81,81,1667,0.34,5.9,550,33.0,128.0,0.9927,7.95,0.51,11.8,8.54304707985824,melted,17.6,7,raisins,1.67,3
82,82,1678,0.2,6.6,450,42.0,170.0,0.9944,8.36,0.45,10.4,7.992302398558678,melted,12.4,7,raisins,1.78,3
83,83,1682,0.28,14.4,550,55.0,205.0,0.9986,8.12,0.38,9.0,7.5675177038341985,melted,14.4,7,chocolate,1.02,3
84,84,1688,0.26,1.55,410,118.5,216.0,0.9949,8.55,0.63,9.4,7.944080768229867,melted,13.4,7,chocolate,1.75,3
85,85,1692,0.3,4.2,400,41.0,213.0,0.9927,8.28,0.49,11.8,8.292900433248917,melted,14.0,7,chocolate,1.29,3
86,86,1698,0.3,4.2,400,41.0,213.0,0.9927,8.28,0.49,11.8,8.291072159420253,melted,14.0,7,chocolate,1.21,3
87,87,1700,0.3,1.8,430,25.0,121.0,0.9944,8.44,0.61,10.2,7.648117134552194,melted,13.4,7,chocolate,1.72,3
88,88,1701,0.36,11.1,330,43.0,208.0,0.9969,8.14,0.46,10.3,7.931277530006753,melted,15.8,7,chocolate,1.11,3
89,89,1715,0.34,1.6,400,43.0,148.0,0.9912,8.32,0.59,11.5,8.215244189812836,melted,13.0,7,"chocolate, oats",1.87,3
90,90,1716,0.31,6.0,460,29.0,108.0,0.9939,8.26,0.5,10.8,8.015937266831742,melted,14.0,7,chocolate,1.53,3
91,91,1718,0.33,1.7,500,28.0,178.0,0.9954,8.16,0.43,9.0,7.215796848042459,melted,18.6,7,chocolate,1.69,3
92,92,1721,0.48,2.7,520,24.0,190.0,0.995,8.5,0.45,10.9,7.673385324543858,melted,16.4,7,"chocolate, oats",1.34,3
93,93,1727,0.44,14.5,450,68.0,212.0,0.9986,8.48,0.36,10.0,7.854898195207483,melted,15.2,7,"nuts, chocolate",1.21,3
94,94,1730,0.3,1.1,310,40.0,99.0,0.9929,7.94,0.3,10.4,7.590827073638309,melted,18.4,7,chocolate,1.67,3
95,95,1737,0.3,9.6,570,50.0,185.0,0.9978,8.39,0.38,9.6,7.378874918816962,melted,13.8,7,"chocolate, oats",1.44,3
96,96,1746,0.29,4.8,500,33.0,87.0,0.9940000000000001,8.14,0.42,9.9,7.65441755636823,melted,15.0,7,chocolate,1.72,3
97,97,1751,0.28,2.5,460,40.0,153.0,0.9921,8.38,0.51,11.4,8.060804589901863,melted,13.4,7,"chocolate, oats",1.01,3
98,98,1763,0.3,10.9,370,18.0,112.0,0.997,8.4,0.5,9.6,7.768830908084368,melted,14.6,7,chocolate,1.1,3
99,99,1767,0.22,1.7,510,50.0,179.0,0.9955,8.28,0.69,8.9,7.509022763205053,melted,14.8,7,raisins,1.74,3
100,100,1769,0.28,4.5,460,33.0,102.0,0.9918,8.16,0.56,12.2,8.327237966861247,melted,15.4,7,"nuts, chocolate",1.63,3
101,101,1776,0.35,14.0,690,42.0,163.0,0.9990000000000001,8.56,0.47,9.8,7.875225199039761,melted,13.2,7,chocolate,1.57,3
102,102,1778,0.36,1.8,340,43.0,150.0,0.9922,8.42,0.69,11.0,8.14050997772398,melted,12.8,7,"chocolate, oats",1.93,3
103,103,1785,0.26,9.25,340,73.0,142.0,0.9945,8.05,0.37,11.4,8.416356638202387,melted,17.0,7,chocolate,1.5,3
104,104,1797,0.27,9.05,390,37.0,128.0,0.9936,8.27,0.34,11.3,8.271222688439764,melted,13.8,7,chocolate,1.49,3
105,105,1799,0.21,7.1,400,35.0,162.0,0.9956,8.39,0.58,9.9,7.7777465184579455,melted,12.8,7,chocolate,1.46,3
106,106,1804,0.22,10.2,490,57.0,191.0,0.9966,8.08,0.4,9.3,7.748938331303151,melted,15.2,7,raisins,1.51,3
107,107,1810,0.21,1.5,490,39.0,184.0,0.9928,8.18,0.41,9.9,7.608844921338658,melted,13.2,7,raisins,1.87,3
108,108,1828,0.23,6.3,510,35.0,240.0,0.9963,8.36,0.54,10.0,7.518184114448246,melted,14.6,7,"chocolate, oats",1.41,3
109,109,1831,0.24,15.1,300,34.0,153.0,0.9953,8.13,0.51,12.0,8.5236579922055,melted,14.8,7,"nuts, chocolate",1.91,3
110,110,1840,0.33,1.0,540,24.0,164.0,0.9926,8.42,0.51,10.5,7.6701642653038675,melted,13.8,7,"chocolate, oats",1.1,3
111,111,1845,0.2,11.5,490,44.0,157.0,0.998,8.27,0.44,9.0,7.2826978810990965,melted,14.8,7,"nuts, chocolate",1.21,3
112,112,1856,0.42,1.6,560,34.0,181.0,0.9968,8.11,0.46,10.0,7.248630447319101,melted,20.0,7,"raisins, oats",1.16,3
113,113,1863,0.3,7.8,490,57.0,202.0,0.9958,8.24,0.39,9.5,7.60046502817346,melted,13.2,7,chocolate,1.91,3
114,114,1888,0.4,17.85,490,50.0,185.0,1.0,8.34,0.42,9.6,7.941824330638099,melted,14.4,7,chocolate,2.0,3
115,115,1890,0.42,14.3,450,45.0,213.0,0.9991,8.18,0.63,9.2,7.956048913241887,melted,15.4,7,raisins,1.04,3
116,116,1895,0.33,10.3,390,73.0,212.0,0.9969,7.93,0.49,9.5,7.766557233625576,melted,15.8,7,chocolate,1.33,3
117,117,1904,0.33,10.3,390,73.0,212.0,0.9969,7.93,0.49,9.5,7.776841273911799,melted,15.8,7,chocolate,1.78,3
118,118,1908,0.36,5.7,380,26.0,98.0,0.9914,7.93,0.59,12.5,8.713718326621745,melted,14.4,7,raisins,1.41,3
119,119,1913,0.3,2.1,490,21.0,153.0,0.9953,8.09,0.5,9.6,7.24405643417407,melted,16.6,7,chocolate,1.36,3
120,120,1917,0.26,1.3,410,20.0,71.0,0.9926,8.04,0.74,9.9,7.585166674907242,melted,14.2,7,"chocolate, oats",1.37,3
121,121,1921,0.34,9.3,620,40.0,126.0,0.9966,8.21,0.39,9.6,7.487928645378673,melted,15.2,7,"chocolate, oats",1.76,3
122,122,1923,0.27,1.7,280,10.0,59.0,0.9923,7.97,0.48,10.4,7.769812198443219,melted,16.4,7,raisins,1.04,3
123,123,1934,0.36,1.6,400,25.0,87.0,0.9924,8.23,0.66,10.3,7.900095534930415,melted,13.6,7,chocolate,1.22,3
124,124,1937,0.27,4.6,800,34.0,172.0,0.9938,8.23,0.39,11.1,7.735314997388457,melted,14.6,7,"chocolate, oats",1.15,3
125,125,1938,0.35,1.2,310,27.0,84.0,0.9928,8.33,0.34,9.9,7.377284048474962,melted,14.4,7,"chocolate, oats",1.59,3
126,126,1939,0.32,7.6,520,35.0,143.0,0.9959,8.14,0.38,9.0,7.432099640787754,melted,13.6,7,raisins,1.92,3
127,127,1945,0.3,7.8,490,39.0,152.0,0.9954,7.99,0.58,10.0,7.8716560371570665,melted,16.2,7,chocolate,1.58,3
128,128,1947,0.42,1.1,510,61.0,197.0,0.9932,8.02,0.4,9.0,6.911669464976029,melted,11.4,7,"nuts, chocolate",1.31,3
129,129,1948,0.31,1.4,460,37.0,135.0,0.9939,8.34,0.57,10.2,7.5552959307713365,melted,14.4,7,"chocolate, oats",1.34,3
130,130,1951,0.46,1.4,460,34.0,185.0,0.9966,8.02,0.49,10.2,6.7522578487305225,melted,19.8,7,peanut butter,1.94,3
131,131,1953,0.38,4.3,440,49.0,172.0,0.996,8.37,0.74,10.8,8.095328183299841,melted,16.2,7,chocolate,1.63,3
132,132,1954,0.13,17.2,360,49.0,219.0,0.9996,7.96,0.46,9.7,7.801166694162873,melted,16.0,7,chocolate,1.53,3
133,133,1959,0.31,1.0,240,13.0,91.0,0.993,7.79,0.37,10.1,7.142259908880902,melted,17.0,7,"chocolate, oats",1.92,3
134,134,1964,0.42,6.9,460,50.0,173.0,0.9958,8.19,0.46,9.0,7.577915485572589,melted,13.6,7,raisins,1.15,3
135,135,1971,0.3,3.2,300,49.0,164.0,0.9927,8.53,0.79,11.7,8.373601211917816,melted,12.6,7,"nuts, chocolate",1.61,3
136,136,1979,0.5,12.8,420,57.0,184.0,0.9984,8.09,0.46,9.0,7.733643375208828,melted,15.0,7,raisins,1.43,3
137,137,1991,0.3,14.2,560,53.0,212.5,0.9990000000000001,8.14,0.46,8.9,7.619869687614738,melted,15.2,7,chocolate,1.75,3
138,138,1994,0.33,14.6,430,47.0,168.0,0.9994,8.34,0.67,8.8,7.817894488551644,melted,14.0,7,chocolate,1.65,3
139,139,1996,0.33,14.6,430,47.0,168.0,0.9994,8.34,0.67,8.8,7.809438722094086,melted,14.0,7,chocolate,1.28,3
140,140,2014,0.3,8.1,260,14.0,71.0,0.993,7.94,0.36,11.8,8.192932805190992,melted,18.0,7,"nuts,raisins",1.77,3
141,141,2017,0.3,8.1,260,14.0,71.0,0.993,7.94,0.36,11.8,8.18013488839037,melted,18.0,7,"nuts,raisins",1.21,3
142,142,2039,0.35,0.6,420,11.0,71.0,0.9926,8.08,0.38,10.6,7.609766014314573,melted,17.4,7,chocolate,1.58,3
143,143,2042,0.27,4.8,280,22.0,104.0,0.9948,8.34,0.45,9.2,7.132440675543563,melted,11.2,7,"chocolate, oats",1.57,3
144,144,2046,0.43,9.2,460,22.0,126.0,0.9982,8.38,0.47,9.3,7.61128096273012,melted,16.6,7,raisins,1.38,3
145,145,2047,0.44,6.6,520,28.0,156.0,0.9955,8.14,0.41,9.6,7.526403289497608,melted,13.6,7,raisins,1.29,3
146,146,2051,0.27,18.15,420,41.0,146.0,1.0001,8.3,0.36,8.7,7.569394066127529,melted,13.6,7,chocolate,1.31,3
147,147,2057,0.31,4.9,310,20.0,151.0,0.9926,8.36,0.82,12.0,8.778348235926273,melted,13.4,7,raisins,1.69,3
148,148,2061,0.33,1.8,360,23.0,96.0,0.9925,8.32,0.4,10.8,7.755677697272574,melted,13.4,7,chocolate,1.36,3
149,149,2069,0.25,1.6,300,25.0,126.0,0.9901,8.22,0.34,12.1,8.383050275086418,melted,14.2,7,raisins,1.29,3
150,150,2070,0.3,1.3,570,25.0,173.0,0.9948,8.26,0.51,9.1,7.290140927112276,melted,14.6,7,raisins,1.1,3
151,151,2071,0.26,5.2,400,31.0,140.0,0.995,8.26,0.68,9.5,7.5261330351325455,melted,13.0,7,"chocolate, oats",1.73,3
152,152,2072,0.27,5.6,430,43.0,164.0,0.9953,8.27,0.76,9.5,7.820930864782753,melted,13.2,7,chocolate,1.86,3
153,153,2090,0.19,8.0,440,51.0,172.0,0.9964,8.16,0.44,9.2,7.48888436799507,melted,14.4,7,chocolate,1.98,3
154,154,2091,0.19,7.7,450,53.0,176.0,0.9958,8.17,0.38,9.5,7.563532975843174,melted,14.4,7,chocolate,1.79,3
155,155,2095,0.4,8.9,480,33.0,146.0,0.9988,8.4,0.46,9.3,7.451266541509142,melted,16.8,7,chocolate,1.74,3
156,156,2109,0.31,10.7,380,59.0,186.0,0.9969,8.12,0.55,9.5,7.885485141207141,melted,15.4,7,chocolate,1.41,3
157,157,2112,0.25,17.1,500,44.0,138.0,1.0001,8.3,0.37,8.8,7.484607663631181,melted,13.0,7,chocolate,1.19,3
158,158,2118,0.32,3.1,410,18.0,126.0,0.9914,8.43,0.42,12.0,8.287763643246876,melted,12.8,7,chocolate,1.38,3
159,159,2121,0.28,4.9,350,36.0,109.0,0.9918,8.19,0.58,12.2,8.770020816099418,melted,15.4,7,raisins,1.46,3
160,160,2133,0.27,2.1,300,22.0,162.0,0.9914,7.99,0.68,11.9,8.40819030974842,melted,16.6,7,chocolate,1.34,3
161,161,2137,0.26,7.1,540,41.0,224.0,0.9966,8.38,0.55,10.1,7.611966900399125,melted,14.4,7,"chocolate, oats",1.82,3
162,162,2142,0.52,13.2,470,64.0,179.0,0.9982,8.1,0.46,9.0,7.7281788332335,melted,15.0,7,chocolate,1.21,3
163,163,2143,0.32,2.7,370,18.0,89.0,0.9924,8.4,0.74,11.5,8.189149932033189,melted,13.0,7,"chocolate, oats",1.63,3
164,164,2145,0.31,10.0,540,49.0,165.0,0.997,8.4,0.42,9.9,7.812109008350916,melted,14.4,7,chocolate,1.22,3
165,165,2151,0.35,15.3,560,31.0,117.0,0.9998,8.27,0.5,9.6,7.733641714733977,melted,15.4,7,chocolate,1.15,3
166,166,2152,0.33,2.1,520,15.0,76.0,0.993,8.2,0.41,10.6,7.602389661955385,melted,14.0,7,chocolate,1.65,3
167,167,2153,0.39,1.9,540,23.0,91.0,0.9941,8.27,0.45,10.3,7.394704955736273,melted,15.0,7,"chocolate, oats",1.27,3
168,168,2154,0.45,8.6,520,34.0,187.0,0.9994,8.12,0.59,10.2,7.581204089915303,melted,19.6,7,"raisins, oats",1.06,3
169,169,2164,0.28,18.8,280,55.0,130.0,0.998,7.96,0.35,11.6,8.518516083007825,melted,16.8,7,chocolate,1.17,3
170,170,2171,0.3,12.8,530,48.5,229.0,0.9986,8.14,0.49,9.1,7.440332818887072,melted,14.8,7,"chocolate, oats",1.57,3
171,171,2181,0.25,3.8,440,30.0,114.0,0.992,8.11,0.4,11.0,8.019674586573188,melted,14.8,7,chocolate,1.84,3
172,172,2183,0.24,6.6,400,38.0,141.0,0.995,8.22,0.47,9.5,7.649611251753754,melted,12.6,7,raisins,1.09,3
173,173,2191,0.35,10.7,370,34.0,145.0,0.9981,8.09,0.32,9.7,7.532258843355265,melted,18.4,7,chocolate,1.54,3
174,174,2196,0.26,1.1,370,20.0,71.0,0.9902,8.1,0.38,11.7,8.076095840594121,melted,14.0,7,chocolate,1.33,3
175,175,2212,0.35,1.5,390,24.0,125.0,0.9918,8.17,0.64,12.2,8.399863315486527,melted,14.0,7,raisins,1.03,3
176,176,2213,0.29,1.4,470,23.0,107.0,0.9939,8.52,0.65,10.4,7.739752378106033,melted,14.8,7,"chocolate, oats",1.53,3
177,177,2221,0.34,13.8,410,32.0,161.0,0.9981,8.13,0.4,9.9,7.847951828420037,melted,17.0,7,chocolate,1.66,3
178,178,2224,0.28,10.8,510,25.0,157.0,0.9957,8.06,0.47,11.4,7.917720128623898,melted,16.0,7,"nuts, chocolate",1.1,3
179,179,2231,0.35,9.2,340,42.0,150.0,0.9947,8.21,0.36,11.5,8.16665818520525,melted,13.8,7,chocolate,1.36,3
180,180,2232,0.31,2.8,540,16.0,89.0,0.99416,7.96,0.45,9.5,7.3152267241878235,melted,16.8,7,chocolate,1.08,3
181,181,2233,0.35,1.6,490,10.0,164.0,0.99516,8.35,0.51,9.7,7.271710543043213,melted,13.0,7,raisins,1.23,3
182,182,2235,0.42,8.5,480,10.0,147.0,0.9974,8.32,0.46,9.5,7.085513222782566,melted,13.8,7,"nuts, chocolate",1.17,3
183,183,2240,0.18,8.2,420,41.0,180.0,0.99644,8.16,0.49,9.1,7.469559770069452,melted,14.4,7,chocolate,1.46,3
184,184,2241,0.19,7.8,400,48.0,184.0,0.99579,8.16,0.5,9.4,7.638984620561132,melted,14.2,7,chocolate,1.87,3
185,185,2246,0.2,14.9,600,37.0,162.0,0.9983,8.13,0.45,9.0,7.667165754100893,melted,12.8,7,raisins,1.71,3
186,186,2248,0.29,1.7,470,16.0,100.0,0.9924299999999999,8.28,0.45,10.6,7.793205560660255,melted,14.8,7,chocolate,1.68,3
187,187,2249,0.18,7.7,480,45.0,186.0,0.9962,8.23,0.47,9.0,7.387710005709295,melted,12.6,7,chocolate,1.46,3
188,188,2250,0.54,17.3,600,46.0,235.0,1.0018200000000002,8.08,0.61,8.8,7.828488911244108,melted,18.4,7,raisins,1.52,3
189,189,2256,0.35,1.4,390,24.0,128.0,0.9921200000000001,7.97,0.68,10.4,7.696446005817762,melted,14.2,7,"chocolate, oats",1.53,3
190,190,2259,0.54,1.4,1570,34.0,132.0,0.99449,8.11,0.53,9.0,7.339962398019651,melted,14.4,7,raisins,1.3,3
191,191,2265,0.21,15.7,560,49.0,159.0,0.9982700000000001,8.11,0.48,9.0,7.877099895090964,melted,13.8,7,raisins,1.79,3
192,192,2277,0.3,1.3,330,25.0,91.0,0.9926799999999999,8.53,0.39,10.6,7.704278581009049,melted,14.8,7,"chocolate, oats",1.27,3
193,193,2279,0.52,1.3,1480,45.0,149.0,0.9946799999999999,8.08,0.56,8.7,6.941747301986254,melted,14.2,7,"nuts, chocolate",1.42,3
194,194,2280,0.25,1.3,470,20.0,77.0,0.9933,8.61,0.54,10.2,7.602557090807693,melted,12.8,7,"chocolate, oats",1.82,3
195,195,2281,0.22,1.3,460,18.0,66.0,0.9930700000000001,8.61,0.55,10.3,7.625192177541891,melted,12.6,7,"chocolate, oats",1.13,3
196,196,2282,0.26,15.6,490,67.0,210.0,0.9990700000000001,8.06,0.68,9.5,8.14944632327797,melted,14.8,7,raisins,1.12,3
197,197,2285,0.26,15.6,490,67.0,210.0,0.9990700000000001,8.06,0.68,9.5,8.159501829335596,melted,14.8,7,raisins,1.56,3
198,198,2289,0.28,6.5,370,26.0,97.0,0.9914799999999999,8.16,0.58,12.6,8.56788813459832,melted,14.6,7,"nuts, chocolate",1.98,3
199,199,2291,0.28,2.7,470,38.0,150.0,0.99365,8.1,0.56,10.8,7.811099259355785,melted,17.2,7,"chocolate, oats",1.23,3
200,200,2297,0.42,10.6,420,66.0,202.0,0.99674,8.24,0.53,9.5,7.882291354421,melted,13.0,7,chocolate,1.73,3
201,201,2298,0.18,3.5,270,23.0,109.0,0.99018,8.34,0.54,12.8,8.462583855758481,melted,12.6,7,"nuts, chocolate",1.12,3
202,202,2300,0.33,2.3,430,28.0,125.0,0.9908399999999999,8.34,0.44,12.6,8.659477975907492,melted,14.6,7,raisins,1.88,3
203,203,2304,0.2,1.4,600,15.0,168.0,0.9944,8.06,0.4,9.4,6.774627364460741,melted,15.0,7,"nuts, chocolate",1.06,3
204,204,2305,0.3,5.0,400,40.0,143.0,0.9917299999999999,8.33,0.42,12.2,8.657152065482876,melted,14.0,7,raisins,1.58,3
205,205,2310,0.55,14.6,530,34.0,159.0,0.99805,7.93,0.44,9.2,7.564724459980795,melted,13.6,7,chocolate,1.46,3
206,206,2317,0.62,10.6,450,51.0,153.0,0.99779,8.16,0.44,8.8,7.515438163808284,melted,15.0,7,chocolate,1.48,3
207,207,2337,0.35,9.8,670,61.0,180.0,0.9972,8.15,0.57,9.0,7.5832809890445105,melted,13.0,7,chocolate,1.05,3
208,208,2350,0.22,13.3,480,46.0,212.0,0.9994200000000001,8.47,0.59,10.0,8.111370876679644,melted,15.8,7,raisins,1.71,3
209,209,2362,0.29,1.7,350,39.0,144.0,0.9927,8.49,0.5,10.5,7.7686657498123,melted,13.0,7,"chocolate, oats",1.17,3
210,210,2363,0.26,12.6,530,44.0,182.0,0.99802,8.42,0.42,9.7,7.754265119235896,melted,13.4,7,chocolate,1.26,3
211,211,2371,0.73,7.2,990,47.0,202.0,0.99582,8.21,0.43,9.2,7.237399288448643,melted,12.4,7,"nuts, chocolate",1.31,3
212,212,2372,0.18,3.0,360,5.0,85.0,0.99125,8.28,0.4,11.5,8.067370147937737,melted,12.0,7,raisins,1.14,3
213,213,2392,0.34,1.5,910,42.0,135.0,0.9938,8.25,0.49,9.6,7.269742383538414,melted,12.8,7,"chocolate, oats",1.29,3
214,214,2396,0.25,17.75,470,25.0,218.0,1.00016,7.98,0.66,9.1,7.919344480497983,melted,16.8,7,raisins,1.21,3
215,215,2400,0.42,2.0,470,16.0,104.0,0.9951700000000001,8.09,0.66,10.0,7.4461267628909695,melted,18.4,7,"chocolate, oats",1.18,3
216,216,2401,0.49,2.0,440,18.0,107.0,0.9951399999999999,8.1,0.53,10.2,7.383986331906243,melted,18.4,7,"chocolate, oats",1.26,3
217,217,2402,0.28,8.2,380,72.0,202.0,0.99566,8.12,0.56,10.0,8.07982741449706,melted,16.0,7,chocolate,1.96,3
218,218,2419,0.41,19.35,700,67.0,207.0,1.00118,8.39,0.53,9.1,7.9882651326228995,melted,12.2,7,raisins,1.28,3
219,219,2422,0.18,7.7,960,28.0,210.0,0.99771,8.56,0.72,9.2,7.307064644355421,melted,12.4,7,"nuts, chocolate",1.65,3
220,220,2424,0.18,7.7,960,28.0,210.0,0.99771,8.56,0.72,9.2,7.292666987954732,melted,12.4,7,"nuts, chocolate",1.02,3
221,221,2430,0.17,8.3,420,61.0,195.0,0.99577,8.22,0.46,9.4,7.642369297928809,melted,12.8,7,chocolate,1.06,3
222,222,2432,0.17,8.4,440,60.0,198.0,0.9957799999999999,8.21,0.47,9.4,7.650932831233689,melted,12.8,7,chocolate,1.17,3
223,223,2434,0.27,17.5,450,48.0,253.0,1.00014,8.02,0.56,9.1,7.82682800480427,melted,16.6,7,chocolate,1.57,3
224,224,2435,0.35,5.6,340,9.0,148.0,0.99441,8.17,0.5,9.8,7.6220945760232155,melted,12.8,7,raisins,1.91,3
225,225,2445,0.34,2.6,510,40.5,210.0,0.9931399999999999,8.15,0.61,10.0,7.873938100481155,melted,13.2,7,raisins,1.36,3
226,226,2447,0.26,8.2,420,21.0,133.0,0.9961200000000001,8.43,0.64,9.8,7.803914647748229,melted,13.0,7,chocolate,1.31,3
227,227,2451,0.15,10.0,370,38.0,157.0,0.9964200000000001,8.28,0.52,9.4,7.5630695808022494,melted,13.2,7,"nuts,raisins",1.76,3
228,228,2456,0.36,7.4,370,36.0,156.0,0.99592,8.19,0.54,10.6,8.053701122412946,melted,16.2,7,raisins,1.56,3
229,229,2472,0.23,10.3,320,12.0,97.0,0.99571,8.13,0.4,10.7,7.984417603937601,melted,17.6,7,chocolate,1.19,3
230,230,2473,0.21,15.55,430,20.0,142.0,0.9965799999999999,8.11,0.54,10.1,8.034497485005858,melted,12.0,7,chocolate,1.48,3
231,231,2491,0.24,5.3,750,49.0,201.0,0.99466,8.21,0.43,9.5,7.474282029000705,melted,12.0,7,chocolate,1.83,3
232,232,2493,0.23,12.7,540,20.0,139.0,0.99836,8.16,0.5,9.7,7.7195231328292095,melted,15.2,7,raisins,1.27,3
233,233,2497,0.36,18.1,460,32.0,133.0,1.0,8.27,0.48,8.8,7.679979077809321,melted,13.6,7,chocolate,1.42,3
234,234,2501,0.4,6.4,390,39.0,191.0,0.99513,8.14,0.52,9.8,7.7296298781637915,melted,12.8,7,raisins,1.69,3
235,235,2507,0.31,5.2,320,36.0,140.0,0.99166,8.35,0.47,12.3,8.756730329825587,melted,14.2,7,raisins,1.4,3
236,236,2514,0.3,4.7,290,34.0,148.0,0.99165,8.36,0.49,12.3,8.701404764678983,melted,13.8,7,raisins,1.07,3
237,237,2517,0.29,11.3,340,61.0,224.0,0.9968299999999999,8.14,0.56,9.5,7.797716822481107,melted,14.6,7,"nuts,raisins",1.69,3
238,238,2526,0.33,1.4,290,35.0,138.0,0.9911399999999999,8.36,0.6,11.5,8.201159717639229,melted,13.0,7,"chocolate, oats",1.85,3
239,239,2534,0.3,1.7,430,19.0,95.0,0.9920700000000001,8.17,0.46,10.7,7.760787447246827,melted,13.6,7,chocolate,1.71,3
240,240,2538,0.14,8.6,320,30.0,142.0,0.9954200000000001,8.28,0.44,9.5,7.54449263123729,melted,11.8,7,chocolate,1.15,3
241,241,2540,0.34,12.1,300,34.0,177.0,0.9970600000000001,8.13,0.47,10.6,8.14556422301797,melted,18.0,7,chocolate,2.0,3
242,242,2543,0.25,17.3,460,15.0,110.0,0.99828,8.15,0.42,9.2,7.6844893616078025,melted,13.0,7,chocolate,1.41,3
243,243,2547,0.14,4.8,520,27.0,128.0,0.99475,8.21,0.48,9.4,7.457886435091069,melted,12.4,7,raisins,1.87,3
244,244,2556,0.64,12.9,330,54.0,170.0,0.998,8.0,0.53,8.8,7.710964981874525,melted,15.2,7,chocolate,1.99,3
245,245,2565,0.16,14.9,480,59.0,240.0,0.99902,8.13,0.45,8.9,7.735789320366962,melted,14.6,7,raisins,1.63,3
246,246,2568,0.36,7.0,430,60.0,207.0,0.99556,8.16,0.49,9.6,7.690168305269964,melted,13.6,7,chocolate,1.8,3
247,247,2569,0.24,8.6,340,25.0,135.0,0.99582,8.33,0.59,10.3,7.889275018400326,melted,13.2,7,chocolate,1.24,3
248,248,2575,0.42,10.4,380,85.0,182.0,0.9962799999999999,8.04,0.44,8.9,7.575099469008904,melted,13.4,7,"chocolate, oats",1.35,3
249,249,2576,0.4,10.0,390,74.0,227.0,0.99582,8.18,0.5,9.4,7.930156113211439,melted,13.0,7,chocolate,1.86,3
250,250,2580,0.26,18.95,530,36.0,174.0,0.99976,8.2,0.5,10.4,8.275397338753578,melted,15.4,7,raisins,1.49,3
251,251,2581,0.3,12.8,620,19.0,171.0,0.99808,8.0,0.52,9.0,7.235316846721304,melted,13.6,7,"chocolate, oats",1.55,3
252,252,2589,0.1,1.4,680,25.0,154.0,0.9949899999999999,8.2,0.48,9.7,6.766728611616941,melted,14.4,7,"nuts, oats, chocolate",1.46,3
253,253,2608,0.32,8.2,240,53.0,209.0,0.9956299999999999,8.12,0.46,10.8,7.975214283484945,melted,15.0,7,chocolate,1.52,3
254,254,2610,0.46,11.1,530,44.0,177.0,0.9969100000000001,8.18,0.67,9.4,7.866484958389265,melted,12.6,7,chocolate,1.88,3
255,255,2616,0.41,14.2,390,47.0,129.0,0.9967799999999999,8.28,0.72,10.3,8.30583183880401,melted,13.0,7,"chocolate, oats",1.74,3
256,256,2620,0.28,20.4,410,40.0,144.0,1.0002,8.14,0.38,8.7,7.621072594264859,melted,13.0,7,chocolate,1.04,3
257,257,2621,0.52,10.1,500,29.0,140.0,0.9962799999999999,8.07,0.4,9.4,7.605761612098178,melted,13.2,7,raisins,1.41,3
258,258,2629,0.0,1.3,440,72.0,197.0,0.9920200000000001,8.56,0.43,10.9,7.684143510267887,melted,11.6,7,"nuts, oats, chocolate",1.89,3
259,259,2646,0.36,1.2,460,9.0,71.0,0.9919899999999999,8.7,0.68,10.9,8.009204543146211,melted,11.4,7,"chocolate, oats",1.45,3
260,260,2652,0.31,2.3,180,45.0,80.0,0.98936,8.06,0.34,12.9,8.63607328265914,melted,14.6,7,chocolate,1.56,3
261,261,2654,0.22,5.95,810,76.0,303.0,0.99705,8.4,0.57,9.4,7.360618544539847,melted,13.8,7,"nuts, chocolate",1.17,3
262,262,2660,0.34,6.6,670,35.0,156.0,0.9954200000000001,8.11,0.48,9.3,7.537526923191223,melted,13.4,7,raisins,1.07,3
263,263,2664,0.34,6.6,300,36.0,91.0,0.9914,8.32,0.45,12.5,8.713654957092672,melted,12.4,7,chocolate,1.71,3
264,264,2693,0.25,1.6,360,28.0,143.0,0.99256,8.3,0.54,10.3,7.778517795258466,melted,13.4,7,chocolate,1.3,3
265,265,2698,0.32,1.2,240,20.0,166.0,0.99208,8.05,0.54,9.8,7.677368538409212,melted,13.8,7,raisins,1.12,3
266,266,2701,0.36,16.3,380,43.0,133.0,0.99924,8.26,0.41,8.8,7.590021868251313,melted,13.0,7,chocolate,1.36,3
267,267,2710,0.34,13.7,440,66.0,184.0,0.99976,8.22,0.75,8.9,7.90367173187272,melted,15.6,7,chocolate,1.86,3
268,268,2718,0.29,1.1,280,18.0,69.0,0.9916799999999999,8.24,0.54,10.0,7.581862149424097,melted,10.4,7,chocolate,1.71,3
269,269,2719,0.31,6.5,290,53.0,160.0,0.9927600000000001,8.03,0.38,10.9,8.013058830365338,melted,15.0,7,"chocolate, oats",1.16,3
270,270,2722,0.27,5.2,300,32.0,101.0,0.99172,8.22,0.62,12.3,8.49120996911654,melted,15.2,7,"nuts, chocolate",1.34,3
271,271,2725,0.32,16.4,450,62.0,153.0,0.9972,8.22,0.42,10.5,8.348996241017659,melted,13.8,7,chocolate,1.26,3
272,272,2728,0.28,12.4,510,86.0,213.0,0.9962,8.16,0.51,9.9,8.310837427283701,melted,13.0,7,raisins,1.99,3
273,273,2732,0.34,2.6,490,13.0,135.0,0.99335,8.09,0.51,10.0,7.462103170533794,melted,15.8,7,"nuts,raisins",1.35,3
274,274,2739,0.28,4.8,340,25.0,100.0,0.99026,8.08,0.47,12.4,8.713698506635978,melted,13.6,7,raisins,1.85,3
275,275,2740,0.19,12.3,480,54.0,145.0,0.9966799999999999,8.16,0.42,9.3,7.699670613520482,melted,12.6,7,chocolate,1.29,3
276,276,2747,0.33,11.8,570,48.0,127.0,0.9969299999999999,8.1,0.55,10.0,7.967632879700119,melted,14.6,7,chocolate,1.89,3
277,277,2750,0.34,1.8,450,96.0,170.0,0.99035,8.38,0.9,11.8,8.943922473168755,melted,11.6,7,"chocolate, oats",1.08,3
278,278,2751,0.36,1.4,360,38.0,108.0,0.99006,8.19,0.66,12.0,8.45990247790408,melted,13.6,7,"chocolate, oats",1.15,3
279,279,2752,0.3,6.6,250,15.0,138.0,0.99126,8.18,0.46,12.6,8.40366398384623,melted,14.2,7,"nuts, chocolate",1.0,3
280,280,2756,0.34,11.8,590,42.0,240.0,0.99882,8.17,0.52,10.0,7.900615498518192,melted,17.2,7,raisins,1.5,3
281,281,2759,0.35,5.8,550,25.0,144.0,0.9957600000000001,8.24,0.54,10.2,7.543618952193185,melted,15.4,7,"chocolate, oats",1.44,3
282,282,2761,0.15,1.3,600,51.0,154.0,0.99354,8.14,0.51,8.7,7.192182205837042,melted,12.0,7,chocolate,1.38,3
283,283,2763,0.34,1.2,480,4.0,119.0,0.9908399999999999,8.18,0.34,12.1,8.188853576484945,melted,15.4,7,raisins,1.3,3
284,284,2765,0.29,10.8,280,17.0,118.0,0.99356,8.18,0.37,11.2,8.233320524235694,melted,12.8,7,chocolate,1.64,3
285,285,2777,0.36,1.9,430,24.0,111.0,0.9923700000000001,8.29,0.54,11.3,8.121839438992282,melted,15.2,7,chocolate,1.65,3
286,286,2781,0.6,65.8,740,8.0,160.0,1.03898,8.39,0.69,11.7,6.324410927620164,melted,15.6,7,"raisins, oats",1.2,3
287,287,2787,0.25,20.2,830,35.0,157.0,0.99976,8.17,0.5,9.1,7.84975968342124,melted,12.8,7,chocolate,1.09,3
288,288,2796,0.3,2.2,330,39.0,107.0,0.9889399999999999,8.22,0.53,13.5,9.086592771295614,melted,13.0,7,raisins,1.51,3
289,289,2797,0.53,10.1,530,37.0,151.0,0.9963,8.07,0.4,9.4,7.661978372343015,melted,13.6,7,raisins,1.21,3
290,290,2803,0.32,14.0,310,16.0,99.0,0.9943700000000001,8.26,0.38,11.5,8.23369971087115,melted,11.0,7,"chocolate, oats",1.27,3
291,291,2805,0.26,1.6,400,36.0,123.0,0.9923799999999999,8.34,0.44,10.8,7.93060555257253,melted,14.6,7,chocolate,1.36,3
292,292,2806,0.71,11.8,380,52.0,148.0,0.9980100000000001,8.03,0.46,8.9,7.412763902837099,melted,15.0,7,"chocolate, oats",1.28,3
293,293,2807,0.72,9.6,390,53.0,151.0,0.99802,8.03,0.46,8.9,7.249249914212243,melted,15.0,7,"chocolate, oats",1.96,3
294,294,2808,0.48,6.1,420,60.0,184.0,0.99566,8.2,0.5,9.4,7.629062058618814,melted,14.0,7,chocolate,1.23,3
295,295,2809,0.31,2.7,490,25.0,153.0,0.99067,8.44,0.73,12.2,8.801667844866131,melted,11.6,7,raisins,1.08,3
296,296,2810,0.31,3.6,250,22.0,100.0,0.99066,7.99,0.47,12.1,8.416383216887624,melted,15.6,7,chocolate,1.12,3
297,297,2818,0.47,10.6,520,69.0,148.0,0.9958,7.91,0.34,9.3,7.409794993778604,melted,12.0,7,"chocolate, oats",1.38,3
298,298,2821,0.46,6.2,560,42.0,241.0,0.9968,8.5,0.6,9.9,7.464337143573431,melted,13.2,7,"nuts, chocolate",1.86,3
299,299,2830,0.34,11.6,500,59.0,140.0,0.99526,8.22,0.4,10.8,8.24462618178984,melted,13.2,7,chocolate,1.3,3
300,300,2833,0.28,3.4,480,22.0,112.0,0.9918799999999999,8.21,0.37,11.3,7.777843045221829,melted,14.4,7,"nuts, chocolate",1.52,3
301,301,2839,0.29,0.9,340,34.0,89.0,0.98936,8.14,0.36,11.1,8.038339681734954,melted,11.6,7,chocolate,1.91,3
302,302,2843,0.38,1.3,460,24.0,90.0,0.9923200000000001,8.2,0.47,10.0,7.511724353095246,melted,11.8,7,chocolate,1.1,3
303,303,2849,0.37,10.0,1690,22.0,210.0,0.9977600000000001,8.02,0.64,9.5,7.29588904192812,melted,15.4,7,"nuts, chocolate",1.16,3
304,304,2852,0.39,1.0,410,37.0,154.0,0.99093,8.08,0.43,11.9,8.231480252634498,melted,15.8,7,chocolate,1.04,3
305,305,2855,0.26,5.0,270,46.0,143.0,0.9924,8.25,0.43,11.2,8.346520078119823,melted,13.8,7,raisins,1.9,3
306,306,2856,0.58,1.25,340,29.0,129.0,0.9898399999999999,8.51,0.6,12.0,8.475160285494212,melted,11.2,7,"chocolate, oats",1.03,3
307,307,2862,0.32,1.6,280,12.0,90.0,0.99008,8.57,0.52,12.2,8.289121454828546,melted,10.2,7,"chocolate, oats",1.93,3
308,308,2864,0.39,1.0,280,40.0,101.0,0.99156,8.57,0.59,10.6,7.946117335477908,melted,10.6,7,"chocolate, oats",1.47,3
309,309,2871,0.38,1.7,370,20.0,84.0,0.99046,8.09,0.53,11.4,8.037627857051376,melted,13.4,7,"chocolate, oats",1.97,3
310,310,2873,0.32,1.6,450,38.0,95.0,0.98946,8.23,0.94,12.4,8.98521387358565,melted,11.6,7,chocolate,1.22,3
311,311,2879,0.3,1.1,290,24.0,88.0,0.9888299999999999,8.18,0.39,11.7,8.355317658054844,melted,11.4,7,raisins,1.87,3
312,312,2889,0.36,11.1,320,21.0,132.0,0.99313,7.95,0.39,13.0,8.89331759309681,melted,16.8,7,raisins,1.11,3
313,313,2891,0.3,4.7,410,40.0,148.0,0.9932,8.16,0.35,10.2,7.740475280903183,melted,13.8,7,chocolate,1.9,3
314,314,2894,0.36,1.4,440,22.0,68.0,0.9901399999999999,8.15,0.5,11.7,8.092335396287496,melted,12.8,7,"chocolate, oats",1.79,3
315,315,2897,0.46,9.7,540,67.0,234.0,0.9984799999999999,8.23,0.5,9.0,7.183679712732641,melted,13.4,7,"nuts, chocolate",1.54,3
316,316,2898,0.28,0.8,320,25.0,78.0,0.9910399999999999,7.99,0.38,11.1,7.801717769501238,melted,17.2,7,"chocolate, oats",1.2,3
317,317,2905,0.26,1.7,730,40.0,157.0,0.9938,8.1,0.46,9.8,7.56808324240896,melted,15.2,7,raisins,1.41,3
318,318,2907,0.25,1.1,350,26.0,81.0,0.9902,8.31,0.52,11.4,8.187536685533189,melted,11.4,7,chocolate,1.84,3
319,319,2912,0.32,2.2,280,36.0,92.0,0.9907600000000001,8.27,0.59,11.9,8.464982960111485,melted,13.0,7,chocolate,1.03,3
320,320,2913,0.3,1.2,460,49.0,199.0,0.99413,8.03,0.38,9.3,7.075516952103072,melted,15.4,7,"chocolate, oats",1.88,3
321,321,2914,0.38,1.0,410,22.0,81.0,0.9904299999999999,8.03,0.54,11.4,7.975938719502466,melted,13.8,7,"chocolate, oats",1.37,3
322,322,2915,0.38,1.0,410,22.0,81.0,0.9904299999999999,8.03,0.54,11.4,7.970225363787904,melted,13.8,7,"chocolate, oats",1.12,3
323,323,2918,0.28,2.2,190,15.0,65.0,0.9902,8.06,0.52,11.2,8.032792379970658,melted,11.4,7,chocolate,1.51,3
324,324,2920,0.4,11.9,320,13.0,92.0,0.99629,8.01,0.46,10.8,7.914215247508537,melted,14.8,7,chocolate,1.31,3
325,325,2925,0.3,7.8,380,67.0,196.0,0.99555,8.1,0.5,10.1,7.934803826607833,melted,15.4,7,chocolate,1.17,3
326,326,2930,0.4,1.3,410,81.0,147.0,0.9901,8.22,0.95,11.6,8.935007920393048,melted,11.2,7,chocolate,1.86,3
327,327,2939,0.29,10.3,390,41.0,98.0,0.99564,8.19,0.38,9.8,7.653325167190701,melted,14.0,7,"chocolate, oats",1.22,3
328,328,2941,0.3,8.7,220,14.0,111.0,0.9957600000000001,8.11,0.61,10.6,7.987815502579565,melted,14.4,7,raisins,1.48,3
329,329,2960,0.34,14.05,400,41.0,114.0,0.99634,8.07,0.59,11.0,8.311946191901626,melted,15.4,7,"chocolate, oats",1.35,3
330,330,2962,0.38,13.1,1120,14.0,94.0,0.99792,8.02,0.48,9.2,7.555243104900853,melted,13.8,7,raisins,1.8,3
331,331,2976,0.39,9.6,260,34.0,124.0,0.9928600000000001,8.18,0.35,12.1,8.635450630722204,melted,13.6,7,raisins,1.17,3
332,332,2981,0.28,11.1,330,30.0,97.0,0.9950700000000001,8.03,0.39,10.5,8.119584278362538,melted,17.0,7,chocolate,1.68,3
333,333,2984,0.3,10.55,370,4.0,28.0,0.9918399999999999,8.07,0.32,12.7,8.736667328252736,melted,13.8,7,raisins,1.26,3
334,334,2996,0.36,0.8,340,32.0,111.0,0.9894200000000001,8.11,0.5,12.1,8.52208084425942,melted,13.0,7,raisins,1.87,3
335,335,3001,0.27,10.9,380,29.0,130.0,0.9949600000000001,8.11,0.44,10.5,8.002630360637482,melted,13.2,7,chocolate,1.81,3
336,336,3004,0.36,1.2,340,26.0,111.0,0.99074,8.16,0.51,11.0,7.865171523585445,melted,12.6,7,"chocolate, oats",1.28,3
337,337,3006,0.32,1.1,360,74.0,184.0,0.9909600000000001,8.22,0.41,11.0,7.983390165570739,melted,12.4,7,"chocolate, oats",1.71,3
338,338,3007,0.32,4.5,320,58.0,178.0,0.98956,8.45,0.31,12.6,8.746476488030623,melted,10.0,7,chocolate,1.47,3
339,339,3015,0.3,8.25,200,14.0,104.0,0.9936200000000001,7.99,0.44,11.4,8.188429233004655,melted,14.4,7,raisins,1.57,3
340,340,3020,0.35,11.7,290,3.0,46.0,0.99439,8.02,0.34,11.8,8.427719173819895,melted,16.8,7,raisins,1.27,3
341,341,3021,0.29,4.6,460,6.0,88.0,0.9945799999999999,8.34,0.48,10.6,7.648601067560605,melted,13.6,7,chocolate,1.78,3
342,342,3027,0.22,11.7,350,44.0,150.0,0.9957799999999999,8.1,0.45,10.4,8.194429959048023,melted,14.8,7,raisins,1.97,3
343,343,3029,0.29,14.8,240,22.0,142.0,0.99518,8.12,0.48,12.0,8.390786315900584,melted,14.2,7,"nuts, chocolate",1.66,3
344,344,3030,0.29,14.8,240,22.0,142.0,0.99518,8.12,0.48,12.0,8.393071658186415,melted,14.2,7,"nuts, chocolate",1.76,3
345,345,3036,0.34,3.5,540,26.0,189.0,0.9948899999999999,8.42,0.58,10.4,7.714202680896733,melted,13.6,7,chocolate,1.03,3
346,346,3038,0.45,2.1,270,43.0,104.0,0.99054,8.02,0.52,11.3,8.235097120964184,melted,13.0,7,chocolate,1.97,3
347,347,3039,0.29,12.2,440,59.0,196.0,0.99782,8.14,0.4,8.8,7.424750220862592,melted,12.6,7,chocolate,1.1,3
348,348,3041,0.41,16.8,370,58.0,173.0,0.99882,8.25,0.57,9.4,8.13857144536584,melted,12.4,7,raisins,1.84,3
349,349,3043,1.0,1.1,1540,46.0,114.0,0.9931,7.95,0.43,9.2,7.411900596615567,melted,14.4,7,chocolate,1.62,3
350,350,3052,0.66,10.2,430,78.0,175.0,0.9945,7.98,0.43,10.4,8.104246282985628,melted,11.2,7,chocolate,1.58,3
351,351,3061,0.54,7.0,460,58.0,176.0,0.99454,8.19,0.7,10.4,8.180065751370336,melted,12.4,7,chocolate,1.35,3
352,352,3069,0.43,6.1,290,6.0,76.0,0.99118,8.08,0.5,12.5,8.421061115884385,melted,14.0,7,"nuts,raisins",1.29,3
353,353,3075,0.4,1.5,420,23.0,87.0,0.98972,8.11,0.46,12.2,8.200019528961093,melted,12.8,7,"chocolate, oats",1.55,3
354,354,3079,0.34,4.9,320,9.0,125.0,0.9925299999999999,8.32,0.81,12.0,8.690110984433574,melted,13.2,7,raisins,1.5,3
355,355,3081,0.54,7.0,460,58.0,176.0,0.99454,8.19,0.7,10.4,8.194006339313859,melted,12.4,7,chocolate,1.96,3
356,356,3085,0.4,9.9,360,24.0,88.0,0.9951,8.02,0.42,10.5,8.038780658104827,melted,17.0,7,chocolate,1.98,3
357,357,3087,0.34,9.5,410,38.0,201.0,0.995,8.14,0.44,10.1,7.818048974252974,melted,12.2,7,chocolate,1.51,3
358,358,3088,0.37,1.5,240,12.0,76.0,0.9887600000000001,7.94,0.39,12.3,8.36969581458365,melted,12.6,7,raisins,1.24,3
359,359,3090,0.35,2.6,300,33.0,78.0,0.99146,8.22,0.72,11.3,8.248248568917887,melted,13.2,7,"chocolate, oats",1.45,3
360,360,3092,0.52,3.2,430,28.0,152.0,0.99129,8.02,0.53,11.4,8.281974035131867,melted,15.2,7,chocolate,1.16,3
361,361,3093,0.45,2.3,450,40.0,118.0,0.99064,8.16,0.48,11.9,8.424312114829007,melted,14.0,7,chocolate,1.6,3
362,362,3095,0.49,4.9,320,3.0,18.0,0.9936799999999999,7.85,0.54,10.0,7.813560626281941,melted,19.4,7,chocolate,1.64,3
363,363,3101,0.34,10.9,380,25.0,84.0,0.9943200000000001,8.11,0.34,10.9,8.116654845704204,melted,14.0,7,chocolate,1.99,3
364,364,3103,0.45,2.3,450,40.0,118.0,0.99064,8.16,0.48,11.9,8.429568402086403,melted,14.0,7,chocolate,1.83,3
365,365,3104,0.49,2.5,470,20.0,130.0,0.9917799999999999,8.15,0.48,11.1,8.082013276505052,melted,15.2,7,chocolate,1.52,3
366,366,3109,0.36,4.5,540,31.0,203.0,0.99513,8.4,0.57,10.4,7.88909368551316,melted,13.8,7,raisins,1.12,3
367,367,3121,0.34,1.6,430,24.0,129.0,0.99305,8.12,0.7,10.4,7.888805868699649,melted,15.2,7,chocolate,2.0,3
368,368,3123,0.22,5.5,370,10.0,86.0,0.99156,8.46,0.44,12.2,8.240272530671575,melted,11.0,7,"chocolate, oats",1.61,3
369,369,3127,0.38,2.1,430,10.0,98.0,0.9929600000000001,8.17,0.65,11.0,8.060925115019131,melted,15.2,7,raisins,1.05,3
370,370,3129,0.38,1.5,390,37.0,122.0,0.98972,8.2,0.43,12.0,8.364041730363425,melted,12.2,7,chocolate,1.57,3
371,371,3130,0.38,2.5,470,30.0,148.0,0.98964,8.17,0.43,12.7,8.679721424277517,melted,13.0,7,raisins,1.06,3
372,372,3136,0.27,0.9,400,52.0,103.0,0.99026,8.5,0.39,11.2,8.064200614174268,melted,11.2,7,"chocolate, oats",1.01,3
373,373,3138,0.43,6.4,420,34.0,115.0,0.99293,8.05,0.51,10.8,8.119212554153933,melted,13.8,7,chocolate,1.5,3
374,374,3140,0.39,11.9,570,51.0,221.0,0.99851,8.26,0.51,8.9,7.62815169427509,melted,13.2,7,raisins,1.48,3
375,375,3150,0.47,7.5,270,12.0,88.0,0.9907,8.38,0.45,14.0,9.18606650410868,melted,11.6,7,raisins,1.84,3
376,376,3151,0.36,17.2,390,37.0,130.0,0.99946,8.23,0.43,8.8,7.583657024934212,melted,12.4,7,chocolate,1.99,3
377,377,3155,0.34,7.4,200,38.0,133.0,0.9921200000000001,8.18,0.44,12.0,8.65908743427292,melted,13.6,7,raisins,1.41,3
378,378,3158,0.37,4.8,190,39.0,114.0,0.99036,8.08,0.49,12.7,8.875625438331866,melted,14.2,7,raisins,1.07,3
379,379,3174,0.35,8.6,380,37.0,125.0,0.9916,8.0,0.32,12.4,8.695149707153291,melted,13.8,7,raisins,1.69,3
380,380,3184,0.41,1.0,400,17.0,76.0,0.98988,8.14,0.56,11.4,8.050261798405813,melted,12.4,7,"chocolate, oats",1.24,3
381,381,3188,0.36,6.4,550,42.0,123.0,0.99318,8.11,0.5,11.0,8.046033109272315,melted,14.0,7,"chocolate, oats",1.93,3
382,382,3193,0.33,1.0,380,23.0,131.0,0.99164,8.25,0.45,9.8,7.369380170733621,melted,11.0,7,"chocolate, oats",1.35,3
383,383,3208,0.24,1.6,450,39.0,164.0,0.9940200000000001,8.53,0.58,10.8,7.896796127459595,melted,13.6,7,chocolate,1.78,3
384,384,3214,0.2,1.7,330,17.0,74.0,0.9900200000000001,8.34,0.48,12.3,8.404247372230742,melted,10.4,7,raisins,1.65,3
385,385,3224,0.28,3.7,450,57.0,151.0,0.9913,8.22,0.27,11.2,7.880568854993157,melted,11.4,7,"chocolate, oats",1.24,3
386,386,3226,0.3,2.5,460,38.0,125.0,0.9927600000000001,8.34,0.5,9.9,7.675487410177681,melted,11.4,7,chocolate,1.21,3
387,387,3236,0.39,6.0,350,44.0,141.0,0.9912299999999999,8.11,0.33,12.5,8.564592691623574,melted,13.8,7,chocolate,1.7,3
388,388,3243,0.24,3.3,340,29.0,99.0,0.99031,8.1,0.4,12.3,8.488126351560254,melted,13.2,7,raisins,1.71,3
389,389,3245,0.29,2.5,590,37.0,115.0,0.9932799999999999,8.09,0.37,9.8,7.507810109027304,melted,15.2,7,chocolate,1.8,3
390,390,3248,0.37,4.5,390,41.0,147.0,0.9921,8.18,0.4,11.1,8.069677523717502,melted,12.8,7,chocolate,1.06,3
391,391,3255,0.31,14.5,450,39.0,193.0,0.9986,8.1,0.5,9.2,7.551398481321115,melted,14.8,7,"chocolate, oats",1.99,3
392,392,3256,0.31,14.5,450,39.0,193.0,0.9986,8.1,0.5,9.2,7.5338013457202635,melted,14.8,7,"chocolate, oats",1.22,3
393,393,3263,0.31,3.6,300,36.0,92.0,0.99026,8.22,0.62,12.6,8.804739603928141,melted,13.0,7,chocolate,1.74,3
394,394,3266,0.32,10.5,300,34.0,105.0,0.9940700000000001,8.11,0.42,11.8,8.531203015440298,melted,16.2,7,chocolate,1.78,3
395,395,3274,0.31,1.4,390,40.0,129.0,0.99193,8.45,0.59,10.9,8.11435316803042,melted,12.2,7,chocolate,1.12,3
396,396,3275,0.02,0.9,430,32.0,99.0,0.99226,8.14,0.47,9.8,7.216879872182233,melted,13.0,7,"nuts, chocolate",1.61,3
397,397,3278,0.36,9.2,610,42.0,214.0,0.9976,8.31,0.56,9.4,7.661194416465378,melted,13.2,7,raisins,1.07,3
398,398,3280,0.29,1.8,440,21.0,115.0,0.99166,8.1,0.38,10.2,7.41863174194188,melted,12.8,7,"chocolate, oats",1.01,3
399,399,3281,0.3,2.3,510,20.0,127.0,0.98964,8.13,0.52,12.8,8.705506607014883,melted,13.0,7,raisins,1.93,3
400,400,3284,0.25,6.4,350,38.0,103.0,0.9914799999999999,7.91,0.23,12.2,8.457340892963714,melted,16.0,7,raisins,1.78,3
401,401,3290,0.37,1.0,430,10.0,80.0,0.9912799999999999,8.08,0.38,11.4,7.896676259511196,melted,15.6,7,chocolate,1.59,3
402,402,3298,0.35,2.3,390,43.0,109.0,0.99056,8.34,0.44,11.8,8.402782022757549,melted,12.6,7,chocolate,1.5,3
403,403,3299,0.32,8.7,290,31.0,105.0,0.99146,8.0,0.34,12.3,8.6870041519079,melted,13.6,7,raisins,1.93,3
404,404,3306,0.3,1.9,330,41.0,142.0,0.9891200000000001,8.29,0.42,12.8,8.791468326419334,melted,12.0,7,raisins,1.71,3
405,405,3316,0.37,1.1,360,31.0,96.0,0.9894200000000001,8.16,0.48,12.0,8.18911628209355,melted,11.6,7,"chocolate, oats",1.3,3
406,406,3343,0.28,13.55,480,51.0,189.0,0.99782,8.0,0.6,9.5,7.923578747281283,melted,13.8,7,raisins,1.09,3
407,407,3348,0.28,15.2,460,6.0,41.0,0.99665,8.17,0.39,10.9,8.10788711036011,melted,14.4,7,chocolate,1.72,3
408,408,3351,0.28,1.1,340,47.0,90.0,0.98862,8.22,0.38,12.6,8.58228062943681,melted,12.0,7,chocolate,1.01,3
409,409,3360,0.49,1.3,330,12.0,72.0,0.99072,8.05,0.53,11.3,7.926254657889189,melted,14.2,7,"chocolate, oats",1.1,3
410,410,3369,0.28,10.6,390,32.0,117.0,0.99355,8.05,0.55,11.5,8.526639194624806,melted,14.0,7,chocolate,1.95,3
411,411,3383,0.32,4.9,460,50.0,156.0,0.99316,8.38,0.55,11.2,8.287882446221971,melted,12.8,7,chocolate,1.97,3
412,412,3398,0.32,7.8,520,52.0,183.0,0.9965700000000001,8.39,0.65,9.5,7.863524099247371,melted,12.2,7,raisins,1.52,3
413,413,3399,0.33,7.4,370,25.0,95.0,0.9926799999999999,8.25,0.49,11.1,8.311368035785648,melted,11.2,7,raisins,1.99,3
414,414,3407,0.32,7.8,520,52.0,183.0,0.9965700000000001,8.39,0.65,9.5,7.8738081395335655,melted,12.2,7,raisins,1.97,3
415,415,3416,0.4,11.6,320,34.0,214.0,0.9963,8.1,0.51,9.8,8.015419721704063,melted,14.4,7,raisins,1.9,3
416,416,3419,0.3,2.1,310,50.0,163.0,0.9895,8.39,0.43,12.7,8.847439842686072,melted,12.2,7,raisins,1.28,3
417,417,3420,0.49,20.15,600,30.0,145.0,1.00196,8.01,0.44,8.5,7.39762885811578,melted,15.2,7,chocolate,1.78,3
418,418,3427,0.26,10.05,390,63.0,162.0,0.99375,8.33,0.5,11.2,8.515866390226705,melted,11.6,7,chocolate,1.42,3
419,419,3433,0.27,1.3,370,30.0,86.0,0.98834,8.05,0.59,12.9,8.751936211949157,melted,12.4,7,chocolate,1.18,3
420,420,3435,0.28,1.1,340,26.0,83.0,0.9892799999999999,8.25,0.33,12.3,8.356353801520953,melted,13.0,7,chocolate,1.63,3
421,421,3442,0.27,5.0,350,14.0,97.0,0.9905799999999999,8.1,0.33,11.8,8.152977973925374,melted,11.8,7,chocolate,1.15,3
422,422,3449,0.32,6.0,330,59.0,128.0,0.99192,8.19,0.71,12.1,8.69655798824607,melted,13.2,7,"chocolate, oats",1.25,3
423,423,3453,0.3,6.9,380,23.0,89.0,0.99266,8.25,0.49,11.1,8.241892478024369,melted,11.2,7,raisins,1.32,3
424,424,3465,0.34,1.9,400,41.0,108.0,0.99,8.25,0.45,12.9,8.513795647030832,melted,13.6,7,"chocolate, oats",1.43,3
425,425,3467,0.27,10.3,470,54.0,219.0,0.9974200000000001,8.04,0.45,8.8,7.339994272803409,melted,13.2,7,chocolate,1.77,3
426,426,3468,0.36,1.1,310,27.0,93.0,0.9888399999999999,8.23,0.34,13.2,8.477262611125923,melted,13.2,7,"chocolate, oats",1.68,3
427,427,3469,0.28,12.0,560,68.0,143.0,0.9983,7.99,0.3,9.2,7.413820607873191,melted,15.2,7,chocolate,1.74,3
428,428,3474,0.19,1.1,640,36.0,191.0,0.99297,8.05,0.5,9.5,7.3364858986681725,melted,13.0,7,chocolate,1.36,3
429,429,3477,0.24,1.8,370,39.0,150.0,0.9913,8.05,0.44,11.8,8.279021667152136,melted,15.2,7,raisins,1.37,3
430,430,3479,0.28,4.7,390,34.0,94.0,0.98964,8.22,0.57,13.1,9.055381267933626,melted,11.8,7,raisins,1.45,3
431,431,3489,0.31,7.4,410,7.0,81.0,0.99254,8.04,0.47,11.4,8.139904617463571,melted,13.4,7,chocolate,1.09,3
432,432,3491,0.44,1.0,570,24.0,111.0,0.9915799999999999,8.09,0.32,11.2,7.85250899880549,melted,16.0,7,chocolate,1.21,3
433,433,3494,0.36,8.4,420,42.0,123.0,0.9947299999999999,8.34,0.52,10.9,8.209689035327386,melted,13.4,7,chocolate,1.37,3
434,434,3499,0.3,3.0,360,30.0,124.0,0.9892200000000001,8.31,0.4,13.1,8.857580600832733,melted,12.2,7,raisins,1.1,3
435,435,3502,0.45,14.3,540,30.0,181.0,0.99869,8.14,0.57,9.1,7.641502011813316,melted,13.4,7,chocolate,1.79,3
436,436,3504,0.34,1.4,290,29.0,133.0,0.99108,8.33,0.64,11.5,8.206982173351804,melted,13.0,7,"chocolate, oats",1.9,3
437,437,3506,0.28,4.9,420,21.0,155.0,0.99385,8.36,0.57,10.9,8.20696026820292,melted,15.0,7,raisins,1.59,3
438,438,3507,0.28,2.4,360,35.0,115.0,0.98936,8.19,0.44,13.5,8.96180482892703,melted,14.2,7,raisins,1.17,3
439,439,3509,0.25,10.7,460,66.0,179.0,0.9960600000000001,8.17,0.55,9.9,8.009096917867396,melted,12.8,7,chocolate,1.84,3
440,440,3510,0.24,11.0,410,75.0,167.0,0.99508,7.98,0.56,10.5,8.298509621841333,melted,14.0,7,chocolate,1.62,3
441,441,3519,0.62,7.5,380,46.0,132.0,0.9914299999999999,8.23,0.43,13.4,9.16035411301661,melted,13.8,7,raisins,1.54,3
442,442,3524,0.27,6.3,280,40.0,132.0,0.9918600000000001,8.37,0.4,11.6,8.442021967789941,melted,10.6,7,raisins,1.61,3
443,443,3525,0.27,6.3,280,40.0,132.0,0.9918600000000001,8.37,0.4,11.6,8.448420926190238,melted,10.6,7,raisins,1.89,3
444,444,3527,0.29,8.6,530,65.0,146.0,0.9963,8.11,0.32,9.8,7.634769157119251,melted,15.2,7,chocolate,1.61,3
445,445,3529,0.27,3.1,340,28.0,134.0,0.9897,8.26,0.38,13.1,8.834440602865214,melted,14.2,7,raisins,1.03,3
446,446,3532,0.46,6.4,360,17.0,85.0,0.99279,8.1,0.78,11.7,8.564569043482948,melted,14.4,7,chocolate,1.15,3
447,447,3534,0.35,7.2,460,45.0,178.0,0.9955,8.14,0.53,9.7,7.8357129837143304,melted,14.4,7,raisins,1.47,3
448,448,3539,0.31,1.2,310,27.0,80.0,0.98892,8.03,0.33,12.7,8.441520449298565,melted,14.4,7,chocolate,1.28,3
449,449,3540,0.25,3.4,240,27.0,99.0,0.98959,7.98,0.37,13.0,8.65190193616968,melted,15.6,7,chocolate,1.71,3
450,450,3544,0.2,1.8,310,49.0,159.0,0.9919,8.41,0.53,11.0,8.214977956839903,melted,12.0,7,raisins,1.47,3
451,451,3547,0.29,19.9,390,69.0,237.0,1.00037,8.1,0.48,9.2,7.963944676049721,melted,14.6,7,chocolate,1.28,3
452,452,3551,0.22,16.65,440,39.0,110.0,0.99855,8.24,0.48,9.0,7.699128928413359,melted,11.4,7,chocolate,1.79,3
453,453,3557,0.28,0.9,230,49.0,87.0,0.9906200000000001,7.92,0.36,11.1,8.024778731709546,melted,16.2,7,chocolate,1.44,3
454,454,3566,0.28,4.2,290,7.0,112.0,0.9906,8.0,0.41,12.6,8.522893874197933,melted,15.2,7,raisins,1.25,3
455,455,3569,0.27,9.7,360,15.0,85.0,0.99406,7.99,0.36,11.2,8.094660011919558,melted,16.0,7,chocolate,1.32,3
456,456,3572,0.28,4.2,290,7.0,112.0,0.9906,8.0,0.41,12.6,8.524950682255167,melted,15.2,7,raisins,1.34,3
457,457,3576,0.36,14.6,480,35.0,161.0,0.9968,8.14,0.56,10.6,8.313853185313718,melted,14.8,7,chocolate,1.59,3
458,458,3587,0.71,17.5,420,21.0,114.0,0.99784,7.85,0.5,9.5,7.734084427475892,melted,13.6,7,"chocolate, oats",1.64,3
459,459,3589,0.71,17.5,420,21.0,114.0,0.99784,7.85,0.5,9.5,7.729513742904231,melted,13.6,7,"chocolate, oats",1.44,3
460,460,3593,0.28,4.2,440,52.0,158.0,0.992,8.35,0.44,10.7,8.090752455601887,melted,11.2,7,chocolate,1.53,3
461,461,3596,0.28,1.1,340,55.0,108.0,0.98939,8.0,0.52,11.9,8.308958876913323,melted,13.2,7,"chocolate, oats",1.23,3
462,462,3598,0.24,1.4,330,65.0,169.0,0.9904299999999999,8.59,0.56,12.3,8.740166694734484,melted,11.6,7,chocolate,1.09,3
463,463,3612,0.18,1.8,460,31.0,114.0,0.99226,8.27,0.55,10.8,7.796979263675894,melted,13.6,7,"chocolate, oats",1.38,3
464,464,3615,0.3,1.2,370,11.0,95.0,0.9891399999999999,7.96,0.36,12.5,8.279098450057319,melted,14.4,7,chocolate,1.37,3
465,465,3619,0.28,26.05,310,27.0,122.0,1.00295,8.06,0.42,10.6,7.729555820134408,melted,13.6,7,"nuts, chocolate",1.43,3
466,466,3620,0.26,4.7,400,108.0,168.0,0.9927799999999999,8.07,0.75,10.7,8.515073533880354,melted,12.6,7,chocolate,1.78,3
467,467,3623,0.28,26.05,310,27.0,122.0,1.00295,8.06,0.42,10.6,7.731841162420238,melted,13.6,7,"nuts, chocolate",1.53,3
468,468,3626,0.33,0.9,410,20.0,117.0,0.9904799999999999,8.21,0.5,11.4,8.175498412327954,melted,14.0,7,chocolate,1.8,3
469,469,3629,0.2,5.7,1180,61.0,172.0,0.9946,8.24,0.43,9.5,7.737320969305529,melted,12.8,7,raisins,1.59,3
470,470,3638,0.32,2.4,140,34.0,89.0,0.99008,8.24,0.66,12.5,8.750123213875241,melted,12.8,7,chocolate,1.8,3
471,471,3643,0.33,4.9,470,42.0,130.0,0.9928299999999999,8.12,0.56,11.0,8.013837568325783,melted,13.6,7,"chocolate, oats",1.84,3
472,472,3665,0.16,2.7,360,34.0,128.0,0.98856,8.2,0.53,13.2,8.692198169706302,melted,10.8,7,"nuts,raisins",1.3,3
473,473,3668,0.26,11.0,300,2.0,82.0,0.9940200000000001,8.07,0.36,11.2,8.016443430696143,melted,13.0,7,chocolate,1.01,3
474,474,3678,0.25,18.8,850,19.0,111.0,1.00044,8.1,0.51,8.7,7.5400475938829175,melted,14.4,7,chocolate,1.53,3
475,475,3679,0.27,9.6,370,19.0,105.0,0.99444,8.04,0.37,10.5,7.862046017402861,melted,14.2,7,chocolate,1.56,3
476,476,3685,0.41,12.9,440,79.5,183.0,0.9974200000000001,8.24,0.78,10.2,8.298473631110028,melted,13.6,7,"chocolate, oats",1.28,3
477,477,3686,0.37,1.6,870,27.0,177.0,0.9943799999999999,8.09,0.5,9.8,7.4584558349328915,melted,15.2,7,raisins,1.37,3
478,478,3687,0.27,12.0,300,39.0,98.0,0.9940200000000001,8.15,0.34,10.8,8.04599222700196,melted,12.0,7,"chocolate, oats",1.33,3
479,479,3688,0.35,2.5,400,41.0,186.0,0.9912799999999999,8.32,0.56,12.5,8.6162848680232,melted,14.2,7,chocolate,1.05,3
480,480,3690,0.24,4.4,270,37.0,150.0,0.991,8.3,0.31,11.5,8.159079236171095,melted,11.2,7,chocolate,1.22,3
481,481,3698,0.34,1.2,360,32.0,96.0,0.98961,8.06,0.74,11.6,8.515944310793572,melted,12.6,7,chocolate,1.92,3
482,482,3700,0.27,1.5,760,24.0,145.0,0.99344,8.1,0.52,10.1,7.588418512228628,melted,14.0,7,raisins,1.75,3
483,483,3713,0.23,10.4,490,45.0,190.0,0.99754,8.12,0.51,8.8,7.377625678409771,melted,13.2,7,chocolate,1.28,3
484,484,3719,0.45,8.0,380,54.0,200.0,0.9956,8.18,0.48,9.5,7.812941835897931,melted,13.2,7,raisins,1.24,3
485,485,3727,0.28,6.9,360,46.0,150.0,0.9929899999999999,8.36,0.44,10.8,8.157156311918044,melted,11.4,7,chocolate,1.13,3
486,486,3731,0.26,10.3,410,51.0,166.0,0.99382,8.08,0.35,11.6,8.48735319372014,melted,14.0,7,raisins,1.89,3
487,487,3738,0.18,1.4,340,18.0,135.0,0.99174,8.32,0.35,10.2,7.50201373744585,melted,11.2,7,chocolate,1.29,3
488,488,3743,0.28,14.7,510,29.0,149.0,0.99792,7.96,0.39,9.0,7.335755562003868,melted,14.0,7,"chocolate, oats",1.85,3
489,489,3746,0.28,1.8,400,45.0,121.0,0.9904299999999999,8.02,0.4,11.9,8.279987276526413,melted,14.8,7,chocolate,1.38,3
490,490,3748,0.25,12.5,550,47.0,134.0,0.9975799999999999,8.3,0.51,9.0,7.669496045930572,melted,12.4,7,chocolate,1.56,3
491,491,3755,0.32,7.4,150,47.0,124.0,0.9927799999999999,7.99,0.39,11.0,8.108337916518451,melted,15.6,7,"chocolate, oats",1.72,3
492,492,3762,0.35,6.1,250,10.0,40.0,0.99244,7.79,0.52,10.9,7.964504612952311,melted,14.8,7,chocolate,1.54,3
493,493,3764,0.15,2.1,260,29.0,130.0,0.9895299999999999,8.39,0.77,13.4,8.753073021081065,melted,10.8,7,"nuts, chocolate",1.27,3
494,494,3771,0.28,9.8,420,61.0,125.0,0.9953200000000001,8.14,0.42,10.2,7.899842474722021,melted,12.2,7,chocolate,1.83,3
495,495,3777,0.28,6.1,180,41.0,103.0,0.9912200000000001,8.24,0.32,12.2,8.619776468550356,melted,13.0,7,raisins,1.75,3
496,496,3778,0.3,1.4,220,38.0,100.0,0.9909899999999999,8.42,0.57,11.4,8.19698462777555,melted,12.6,7,"chocolate, oats",1.76,3
497,497,3782,0.3,9.2,180,23.0,96.0,0.9938,8.08,0.29,11.0,8.041383547135297,melted,15.2,7,chocolate,1.38,3
498,498,3789,0.52,8.2,470,52.0,191.0,0.99541,8.16,0.47,9.5,7.735036556300912,melted,13.2,7,chocolate,1.45,3
499,499,3791,0.5,8.0,510,46.0,197.0,0.99536,8.18,0.47,9.5,7.705758188842822,melted,13.0,7,chocolate,1.97,3
500,500,3804,0.3,1.3,360,7.0,49.0,0.9924200000000001,7.99,0.73,10.3,7.8432473900392665,melted,16.2,7,chocolate,1.21,3
501,501,3806,0.21,10.7,980,13.0,91.0,0.9965700000000001,8.03,0.47,9.3,7.560428325235108,melted,14.0,7,raisins,1.95,3
502,502,3812,0.39,2.0,570,21.0,138.0,0.9917600000000001,8.05,0.52,10.9,8.002521753537422,melted,15.8,7,chocolate,1.34,3
503,503,3813,0.28,2.2,420,21.0,177.0,0.99166,8.2,0.57,11.4,8.269199204302055,melted,14.0,7,raisins,1.79,3
504,504,3815,0.32,8.8,420,18.0,106.0,0.99172,8.28,0.33,12.9,8.42965442790964,melted,12.6,7,"nuts, chocolate",1.19,3
505,505,3816,0.3,8.8,450,28.0,131.0,0.9953,8.12,0.59,9.9,7.591463509458691,melted,13.6,7,"nuts, chocolate",1.52,3
506,506,3820,0.2,3.7,390,34.0,132.0,0.9915799999999999,8.0,0.38,10.7,7.931122219163541,melted,12.6,7,raisins,1.87,3
507,507,3850,0.32,9.0,230,20.0,109.0,0.9926200000000001,8.34,0.35,12.6,8.62221903162228,melted,13.4,7,chocolate,1.7,3
508,508,3851,0.29,3.1,300,32.0,123.0,0.98913,8.41,0.33,13.7,8.708841364283217,melted,11.8,7,"chocolate, oats",1.03,3
509,509,3853,0.26,4.6,310,26.0,120.0,0.99198,8.4,0.73,12.5,8.873765313579696,melted,13.2,7,raisins,1.25,3
510,510,3857,0.27,2.7,490,28.0,104.0,0.99224,8.46,0.55,10.3,7.748589970644076,melted,10.8,7,"chocolate, oats",1.57,3
511,511,3865,0.38,4.8,400,41.0,101.0,0.9896799999999999,8.24,0.56,13.1,9.119956438336317,melted,12.0,7,raisins,1.28,3
512,512,3868,0.25,11.1,560,112.0,177.0,0.9961,8.08,0.36,9.4,7.8705309720959065,melted,12.0,7,chocolate,1.68,3
513,513,3878,0.31,10.2,690,58.0,170.0,0.99692,8.18,0.49,9.4,7.771613362871221,melted,13.0,7,raisins,1.64,3
514,514,3883,0.31,7.4,450,34.0,143.0,0.99226,8.06,0.55,12.2,8.681693874125585,melted,13.6,7,raisins,1.12,3
515,515,3888,0.24,17.8,470,42.0,111.0,0.9989600000000001,8.1,0.45,8.9,7.6400424291356615,melted,12.0,7,chocolate,1.47,3
516,516,3889,0.26,12.1,460,43.0,127.0,0.9951,8.16,0.37,10.8,8.113030426418277,melted,12.4,7,chocolate,1.66,3
517,517,3890,0.26,8.2,430,28.0,98.0,0.99234,7.99,0.31,11.4,8.215014904089827,melted,12.8,7,raisins,1.19,3
518,518,3891,0.37,1.5,490,28.0,129.0,0.99226,8.15,0.52,10.8,7.860202661696405,melted,14.2,7,chocolate,1.13,3
519,519,3894,0.16,6.4,310,21.0,134.0,0.99151,8.24,0.46,12.2,8.179095363607615,melted,11.8,7,"nuts, chocolate",1.02,3
520,520,3896,0.29,7.7,380,40.0,179.0,0.99479,8.23,0.56,10.4,8.013482417739056,melted,13.4,7,chocolate,1.94,3
521,521,3897,0.3,12.3,350,72.0,172.0,0.9954,7.99,0.57,10.4,8.353240120721637,melted,14.0,7,chocolate,1.71,3
522,522,3901,0.12,1.1,130,4.0,10.0,0.99246,8.32,0.36,13.5,7.4242525427205805,melted,9.6,7,"nuts, oats, chocolate",1.68,3
523,523,3902,0.38,2.8,1440,12.0,65.0,0.9908,7.95,0.64,11.4,8.122257017673519,melted,12.2,7,chocolate,1.16,3
524,524,3904,0.18,1.9,360,33.0,106.0,0.98746,8.21,0.83,14.0,9.106372780840218,melted,10.0,7,"nuts, chocolate",1.29,3
525,525,3916,0.3,6.2,400,49.0,139.0,0.99021,8.17,0.27,13.6,9.048178575195124,melted,14.2,7,raisins,1.16,3
526,526,3918,0.28,1.6,370,31.0,113.0,0.98779,8.12,0.4,14.2,9.10594440273863,melted,12.8,7,raisins,1.92,3
527,527,3919,0.28,1.4,350,28.0,107.0,0.98836,8.0,0.4,13.2,8.73008570484697,melted,13.2,7,raisins,1.09,3
528,528,3921,0.34,14.8,570,46.0,173.0,0.99751,8.14,0.57,10.2,8.296056135714565,melted,14.6,7,raisins,1.23,3
529,529,3922,0.3,2.4,380,30.0,83.0,0.98867,8.09,0.36,12.8,8.739255959867592,melted,13.4,7,raisins,1.49,3
530,530,3937,0.36,6.7,1850,51.5,151.0,0.9952799999999999,8.17,0.42,9.3,7.604099324913392,melted,13.0,7,raisins,1.01,3
531,531,3941,0.34,1.0,680,32.0,143.0,0.9913799999999999,8.24,0.4,10.1,7.654991146986987,melted,9.8,7,raisins,1.97,3
532,532,3962,0.27,5.8,320,40.0,118.0,0.9908799999999999,8.17,0.53,13.0,8.790446187442939,melted,14.4,7,"nuts,raisins",1.64,3
533,533,3969,0.3,2.8,340,33.0,125.0,0.9915200000000001,8.03,0.49,10.4,7.714647653260442,melted,12.8,7,"chocolate, oats",1.95,3
534,534,3971,0.3,2.8,340,33.0,125.0,0.9915200000000001,8.03,0.49,10.4,7.705049215659983,melted,12.8,7,"chocolate, oats",1.53,3
535,535,3980,0.25,12.1,350,54.0,135.0,0.9948100000000001,8.21,0.4,10.7,8.230053286385271,melted,12.2,7,chocolate,1.07,3
536,536,3981,0.27,4.5,360,81.0,157.0,0.9928,8.05,0.76,10.7,8.354701711942567,melted,12.6,7,chocolate,1.47,3
537,537,3987,0.41,14.6,480,73.0,223.0,0.9986299999999999,8.16,0.71,9.4,8.145770428182544,melted,14.6,7,chocolate,1.12,3
538,538,3989,0.27,8.6,440,45.0,104.0,0.99454,8.2,0.37,9.9,7.689585210690211,melted,13.6,7,"chocolate, oats",1.08,3
539,539,3990,0.41,14.6,480,73.0,223.0,0.9986299999999999,8.16,0.71,9.4,8.154226194640103,melted,14.6,7,chocolate,1.49,3
540,540,3995,0.31,4.7,380,3.0,127.0,0.9918600000000001,7.9,0.72,12.1,8.57296257814869,melted,16.0,7,raisins,1.66,3
541,541,3997,0.29,3.1,410,37.0,144.0,0.98944,8.22,0.39,12.8,8.621796178650442,melted,12.0,7,chocolate,1.11,3
542,542,4009,0.32,5.9,540,40.0,152.0,0.9938,8.2,0.57,10.8,8.100229733501777,melted,13.6,7,chocolate,1.87,3
543,543,4012,0.49,5.8,530,25.0,120.0,0.9942,8.01,0.98,10.5,8.183247417863441,melted,12.8,7,chocolate,1.44,3
544,544,4014,0.48,18.0,540,56.0,183.0,1.0003799999999998,7.98,0.61,8.5,7.476279905006152,melted,13.0,7,"chocolate, oats",1.49,3
545,545,4031,0.57,1.0,600,15.0,120.0,0.9924,8.06,0.41,9.5,7.298590349858074,melted,12.8,7,chocolate,1.86,3
546,546,4038,0.57,1.0,600,15.0,120.0,0.9924,8.06,0.41,9.5,7.296533541800841,melted,12.8,7,chocolate,1.77,3
547,547,4039,0.16,4.4,330,8.0,109.0,0.9905799999999999,8.35,0.47,12.4,7.7687621548407435,melted,12.2,7,"chocolate, oats, peanut butter",1.2,3
548,548,4049,0.36,1.3,340,32.0,98.0,0.9905799999999999,8.02,0.58,11.3,8.032154198287344,melted,13.6,7,"chocolate, oats",1.53,3
549,549,4054,0.28,17.55,500,33.0,154.0,0.99971,7.94,0.43,9.0,7.3513819822237,melted,14.4,7,"chocolate, oats",1.37,3
550,550,4070,0.27,8.0,480,41.0,162.0,0.99498,8.21,0.51,9.9,7.7836688787485,melted,12.2,7,chocolate,1.84,3
551,551,4076,0.26,9.6,500,33.0,134.0,0.99608,8.13,0.46,10.4,7.94177885207003,melted,14.8,7,raisins,1.48,3
552,552,4078,0.21,1.5,440,21.0,110.0,0.9913799999999999,8.3,0.57,11.0,7.972803175429078,melted,11.6,7,chocolate,1.29,3
553,553,4082,0.28,8.6,460,37.0,142.0,0.9943200000000001,8.23,0.53,10.6,8.050957404891449,melted,11.8,7,chocolate,1.46,3
554,554,4088,0.27,3.8,470,16.0,79.0,0.9917299999999999,8.07,0.46,11.3,8.074484437417112,melted,14.6,7,chocolate,1.67,3
555,555,4093,0.27,10.7,1100,20.0,103.0,0.99672,8.08,0.41,9.0,7.0867127725015,melted,13.2,7,"nuts, chocolate",1.74,3
556,556,4097,0.28,7.9,570,21.0,82.0,0.99425,8.26,0.36,10.0,7.565977070240848,melted,12.8,7,"chocolate, oats",1.34,3
557,557,4100,0.23,14.2,370,24.0,99.0,0.9952799999999999,8.08,0.38,10.6,8.099445514065337,melted,12.6,7,chocolate,1.78,3
558,558,4102,0.23,9.5,570,54.0,166.0,0.9956799999999999,8.23,0.42,10.0,7.993406777250385,melted,13.8,7,raisins,1.85,3
559,559,4105,0.45,1.4,390,36.0,122.0,0.99059,8.07,0.47,11.1,8.226047949759334,melted,13.8,7,raisins,1.73,3
560,560,4107,0.26,20.3,370,45.0,150.0,0.9972700000000001,8.04,0.38,12.3,8.84391283847603,melted,13.6,7,raisins,1.13,3
561,561,4109,0.22,2.7,430,46.0,153.0,0.9923799999999999,8.75,0.76,11.3,8.475698767704671,melted,10.0,7,chocolate,1.17,3
562,562,4119,0.31,3.5,460,22.0,147.0,0.99024,8.15,0.31,12.0,8.00049569928288,melted,13.0,7,"nuts, chocolate",1.45,3
563,563,4120,0.5,12.1,490,48.0,122.0,0.9973,8.01,0.44,9.0,7.614238885816974,melted,14.8,7,chocolate,1.46,3
564,564,4121,0.22,17.45,540,42.0,151.0,0.9985299999999999,8.12,0.6,9.3,7.948258061762687,melted,12.6,7,chocolate,1.39,3
565,565,4122,0.25,12.1,590,33.0,171.0,0.99769,8.14,0.56,8.7,7.567243449831551,melted,12.4,7,raisins,1.98,3
566,566,4131,0.26,8.6,480,47.0,206.0,0.9964,8.26,0.36,9.1,7.604658072576882,melted,14.8,7,raisins,1.07,3
567,567,4137,0.26,8.6,480,47.0,206.0,0.9964,8.26,0.36,9.1,7.61791305783467,melted,14.8,7,raisins,1.65,3
568,568,4145,0.29,11.9,520,54.0,160.0,0.99546,8.03,0.58,10.4,8.216802327889894,melted,13.6,7,chocolate,1.05,3
569,569,4148,0.25,15.0,550,8.0,120.0,0.9976700000000001,8.19,0.53,9.6,7.726266407382354,melted,12.4,7,chocolate,1.16,3
570,570,4152,0.25,15.0,550,8.0,120.0,0.9976700000000001,8.19,0.53,9.6,7.742492337611708,melted,12.4,7,chocolate,1.87,3
571,571,4160,0.3,13.7,560,33.0,168.0,0.99825,7.9,0.44,8.7,7.2273959356425905,melted,14.8,7,"chocolate, oats",1.82,3
572,572,4170,0.3,13.7,560,33.0,168.0,0.99825,7.9,0.44,8.7,7.211170005413237,melted,14.8,7,"chocolate, oats",1.11,3
573,573,4176,0.33,3.2,490,68.0,161.0,0.99324,8.1,0.69,10.2,8.036018553294895,melted,13.6,7,chocolate,1.03,3
574,574,4179,0.4,15.4,520,81.0,198.0,0.9986,8.2,0.69,9.4,8.216373280931236,melted,13.8,7,chocolate,1.23,3
575,575,4190,0.3,1.4,400,14.0,63.0,0.98985,8.2,0.33,12.0,8.198520273171738,melted,14.0,7,chocolate,1.29,3
576,576,4194,0.24,6.5,440,28.0,100.0,0.9934799999999999,8.12,0.33,10.2,7.706282891344273,melted,13.4,7,chocolate,1.8,3
577,577,4198,0.53,12.9,490,63.0,139.0,0.99792,7.94,0.45,9.1,7.8178365491448005,melted,15.8,7,raisins,1.59,3
578,578,4211,0.42,11.8,410,32.0,193.0,0.99624,8.04,0.49,10.0,7.988271661782818,melted,14.2,7,raisins,1.24,3
579,579,4218,0.32,4.6,410,31.0,180.0,0.9918399999999999,7.92,0.74,12.2,8.754404630248047,melted,16.0,7,raisins,1.45,3
580,580,4219,0.24,12.1,560,68.0,210.0,0.99718,8.05,0.5,9.5,7.56051711361485,melted,14.0,7,"nuts, chocolate",1.14,3
581,581,4223,0.11,1.1,290,6.0,51.0,0.9907600000000001,8.51,0.48,11.2,7.724867220669125,melted,10.6,7,"nuts, chocolate",1.85,3
582,582,4224,0.35,6.5,290,26.0,87.0,0.99092,8.29,0.44,12.5,8.602915594868676,melted,10.8,7,chocolate,1.2,3
583,583,4231,0.37,2.5,660,29.0,89.0,0.98964,8.14,0.42,12.7,8.769267643181081,melted,15.0,7,raisins,1.59,3
584,584,4237,0.3,1.2,300,27.0,80.0,0.99192,8.05,0.68,10.5,7.975823301569648,melted,15.0,7,chocolate,1.6,3
585,585,4239,0.36,1.8,410,38.0,90.0,0.9900200000000001,8.27,0.98,11.9,8.887624336635952,melted,11.4,7,chocolate,1.4,3
586,586,4242,0.29,4.2,370,69.0,144.0,0.9921399999999999,8.13,0.74,10.8,8.371403770117325,melted,11.8,7,chocolate,1.08,3
587,587,4244,0.48,13.5,380,44.0,116.0,0.9982,8.04,0.48,9.2,7.784685043250988,melted,15.2,7,raisins,1.02,3
588,588,4248,0.2,1.6,400,26.0,114.0,0.99105,8.25,0.45,11.4,7.839115988921122,melted,11.8,7,"chocolate, oats",1.18,3
589,589,4249,0.19,2.2,440,39.0,161.0,0.9920899999999999,8.19,0.43,10.4,7.657834359060132,melted,11.0,7,chocolate,1.75,3
590,590,4260,0.22,5.25,380,44.0,145.0,0.9918399999999999,8.22,0.4,11.2,8.307244307894479,melted,12.4,7,raisins,1.77,3
591,591,4263,0.05,8.0,360,19.0,164.0,0.99269,8.26,0.46,12.2,8.350094763542302,melted,14.0,7,"nuts,raisins",1.35,3
592,592,4265,0.22,5.25,380,44.0,145.0,0.9918399999999999,8.22,0.4,11.2,8.304044828694316,melted,12.4,7,raisins,1.63,3
593,593,4267,0.27,2.3,440,20.0,117.0,0.9895,8.31,0.41,12.7,8.525877129149649,melted,12.0,7,chocolate,1.57,3
594,594,4281,0.24,17.8,590,23.0,124.0,0.9977299999999999,8.3,0.5,10.1,8.114001643052916,melted,11.4,7,chocolate,1.97,3
595,595,4301,0.23,8.9,1050,22.0,155.0,0.99692,8.01,0.58,9.5,7.562798752039839,melted,14.4,7,raisins,1.93,3
596,596,4305,0.24,7.4,440,21.0,113.0,0.9946200000000001,8.38,0.58,10.5,7.944020874976076,melted,11.8,7,chocolate,1.54,3
597,597,4306,0.27,11.5,500,51.0,133.0,0.9947600000000001,8.22,0.37,10.8,8.171035443876065,melted,12.2,7,chocolate,1.11,3
598,598,4307,0.27,1.6,390,36.0,116.0,0.9917799999999999,8.38,0.57,11.0,8.139381521456954,melted,13.0,7,chocolate,1.64,3
599,599,4309,0.25,4.8,380,16.0,121.0,0.99198,8.36,0.71,12.6,8.828359538558033,melted,13.2,7,raisins,1.95,3
600,600,4312,0.29,4.2,430,33.0,114.0,0.9902,8.16,0.31,12.5,8.501824928139087,melted,13.8,7,chocolate,1.16,3
601,601,4319,0.24,5.4,350,33.0,115.0,0.9901,8.12,0.44,12.8933333333333,8.53645709754278,melted,13.4,7,"nuts, chocolate",1.91,3
602,602,4324,0.28,1.0,430,45.0,100.0,0.9903299999999999,8.4,0.41,11.4,8.212499197046924,melted,11.8,7,chocolate,1.42,3
603,603,4334,0.27,13.9,570,45.0,155.0,0.9980700000000001,7.94,0.41,8.8,7.310731451971833,melted,14.6,7,"chocolate, oats",1.11,3
604,604,4339,0.29,2.0,440,15.0,96.0,0.9923200000000001,8.23,0.64,10.4,7.87997210625565,melted,13.6,7,chocolate,1.15,3
605,605,4345,0.35,3.2,340,21.0,107.0,0.99195,8.11,0.54,11.1,8.077439052574505,melted,14.2,7,chocolate,1.69,3
606,606,4358,0.2,7.5,500,44.0,179.0,0.9950399999999999,8.18,0.48,9.53333333333333,7.658044906404427,melted,13.0,7,chocolate,1.65,3
607,607,4359,0.2,5.8,620,52.0,203.0,0.99461,8.17,0.44,9.8,7.806586254162653,melted,14.4,7,raisins,1.33,3
608,608,4363,0.25,11.2,480,32.0,136.0,0.9966299999999999,8.14,0.4,9.5,7.720438316950805,melted,14.2,7,raisins,1.21,3
609,609,4364,0.21,9.65,410,36.0,119.0,0.99334,7.99,0.34,10.933333333333302,8.048038514676648,melted,12.8,7,chocolate,1.39,3
610,610,4372,0.23,3.5,380,23.0,112.0,0.9915700000000001,8.05,0.37,11.3666666666667,7.976183763702295,melted,14.2,7,chocolate,1.24,3
611,611,4380,0.29,7.3,500,33.0,143.0,0.9933200000000001,8.31,0.5,11.066666666666698,8.27445476303086,melted,11.4,7,raisins,1.48,3
612,612,4386,0.31,5.0,430,54.0,170.0,0.9924,8.28,0.52,11.0,8.250136986397933,melted,12.0,7,chocolate,1.54,3
613,613,4387,0.33,1.2,390,34.0,97.0,0.9911200000000001,8.11,0.75,11.2,8.334342929813602,melted,14.2,7,chocolate,1.55,3
614,614,4389,0.22,9.5,400,30.0,111.0,0.9933799999999999,8.05,0.31,10.8,7.9847115730359235,melted,12.6,7,chocolate,1.97,3
615,615,4390,0.44,15.8,570,39.0,167.0,0.9980399999999999,8.14,0.51,9.2,7.816317750791171,melted,12.4,7,chocolate,1.96,3
616,616,4397,0.26,11.8,530,55.0,173.0,0.9969899999999999,8.11,0.6,9.8,8.001128410875737,melted,14.8,7,chocolate,1.41,3
617,617,4398,0.26,11.8,530,55.0,173.0,0.9969899999999999,8.11,0.6,9.8,8.011640985390528,melted,14.8,7,chocolate,1.87,3
618,618,4417,0.28,2.2,400,24.0,125.0,0.9917,8.19,0.48,10.5,7.802658383439592,melted,12.4,7,chocolate,1.36,3
619,619,4421,0.23,17.3,470,37.0,118.0,0.9990600000000001,8.08,0.46,8.8,7.6130956729966215,melted,13.2,7,chocolate,1.9,3
620,620,4424,0.23,17.3,470,37.0,118.0,0.9990600000000001,8.08,0.46,8.8,7.609896193796487,melted,13.2,7,chocolate,1.76,3
621,621,4426,0.52,6.5,470,28.0,123.0,0.99418,8.22,0.49,9.9,7.757239672342337,melted,12.4,7,chocolate,1.55,3
622,622,4429,0.34,2.8,420,59.5,162.0,0.99179,8.27,0.47,10.8,8.215982314134635,melted,12.2,7,raisins,1.28,3
623,623,4431,0.28,2.8,430,17.0,67.0,0.98924,8.21,0.47,13.2,8.85968112657946,melted,13.2,7,raisins,1.28,3
624,624,4433,0.26,10.9,600,55.0,193.0,0.9969,8.21,0.44,9.4,7.564092648900271,melted,13.8,7,"nuts,raisins",1.29,3
625,625,4435,0.3,9.15,510,25.0,166.0,0.99339,8.24,0.56,11.333333333333302,8.421784336264835,melted,13.0,7,chocolate,1.16,3
626,626,4440,0.31,16.4,510,20.0,146.0,0.99834,8.06,0.54,9.1,7.811426987554199,melted,13.4,7,raisins,1.1,3
627,627,4442,0.31,16.4,510,20.0,146.0,0.99834,8.06,0.54,9.1,7.820111288240355,melted,13.4,7,raisins,1.48,3
628,628,4455,0.29,19.3,510,36.0,174.0,0.99911,8.14,0.5,9.0,7.80606073444784,melted,12.0,7,chocolate,1.02,3
629,629,4469,0.27,2.1,420,35.0,100.0,0.9909399999999999,8.03,0.63,10.9,8.125697097927599,melted,12.8,7,chocolate,1.61,3
630,630,4470,0.29,1.0,420,35.0,90.0,0.9908,8.76,0.49,11.3,8.1048185380306,melted,9.4,7,"chocolate, oats",1.79,3
631,631,4475,0.33,1.9,360,37.0,110.0,0.98945,8.26,0.58,12.4,8.655579428763417,melted,11.4,7,chocolate,1.75,3
632,632,4483,0.18,1.2,580,7.0,108.0,0.9928799999999999,8.23,0.58,9.55,7.340491066675725,melted,11.6,7,chocolate,1.48,3
633,633,4484,0.26,4.5,530,17.0,126.0,0.9943,8.24,0.46,9.1,7.116588901841737,melted,11.6,7,"nuts,raisins",1.49,3
634,634,4485,0.33,2.0,330,12.0,74.0,0.99064,8.29,0.65,12.5,8.681227204163207,melted,13.4,7,raisins,1.61,3
635,635,4509,0.17,1.3,610,14.0,100.0,0.9925,8.07,0.55,9.5,7.396783032082141,melted,13.4,7,chocolate,1.13,3
636,636,4512,0.32,1.1,340,24.0,110.0,0.9898,8.36,0.4,12.5,8.408260952634805,melted,12.2,7,chocolate,1.85,3
637,637,4514,0.18,9.0,510,28.5,259.0,0.9964,8.19,0.5,8.8,7.078640382907594,melted,12.2,7,"nuts, chocolate",1.34,3
638,638,4519,0.22,12.7,580,24.0,183.0,0.9956,8.32,0.42,11.7,8.095048733440507,melted,11.6,7,"chocolate, oats",1.06,3
639,639,4532,0.21,1.3,560,35.0,121.0,0.9908,8.32,0.33,11.4,7.809755985046024,melted,11.6,7,"chocolate, oats",1.28,3
640,640,4543,0.37,9.1,370,16.0,76.0,0.9948,8.05,0.54,11.1,8.030740626841805,melted,13.8,7,chocolate,1.3,3
641,641,4548,0.22,14.7,470,51.0,183.0,0.998275,8.39,0.6,10.5,7.963505057757573,melted,12.8,7,"nuts, chocolate",1.91,3
642,642,4553,0.3,3.9,260,36.0,105.0,0.9896299999999999,8.26,0.58,12.75,8.848848318407988,melted,11.4,7,chocolate,1.77,3
643,643,4559,0.32,9.3,400,22.0,110.0,0.9958,8.34,0.54,10.7,8.015506165779783,melted,13.8,7,chocolate,1.35,3
644,644,4570,0.15,1.1,290,12.0,83.0,0.9898,8.3,0.4,11.4,8.046447285719523,melted,11.6,7,chocolate,1.94,3
645,645,4578,0.32,1.2,420,40.0,98.0,0.9898,8.42,0.64,11.8,8.343867937862484,melted,9.6,7,"chocolate, oats",1.11,3
646,646,4585,0.23,11.8,300,23.0,158.0,0.9932200000000001,8.41,0.64,11.8,8.863501869677236,melted,10.0,7,raisins,1.25,3
647,647,4587,0.35,10.0,350,22.0,108.0,0.9945700000000001,8.12,0.36,11.6,8.356122306091038,melted,16.0,7,raisins,1.5,3
648,648,4594,0.3,2.2,350,26.0,129.0,0.9890000000000001,8.32,0.47,12.9,8.462633389461757,melted,11.6,7,"nuts, chocolate",1.46,3
649,649,4601,0.35,6.9,300,45.0,116.0,0.99244,7.8,0.54,11.0,8.192288402417745,melted,13.8,7,chocolate,1.51,3
650,650,4617,0.18,2.0,360,23.0,129.0,0.98949,8.36,0.77,13.4,8.792547454899818,melted,10.4,7,"nuts,raisins",1.12,3
651,651,4625,0.23,6.65,340,6.0,158.0,0.99344,8.05,0.48,11.2,7.831648011704857,melted,16.6,7,"nuts, chocolate",1.33,3
652,652,4634,0.38,10.7,380,49.0,136.0,0.99366,8.11,0.59,11.2,8.496895556020348,melted,11.6,7,chocolate,1.48,3
653,653,4641,0.36,1.2,350,43.0,126.0,0.9909399999999999,8.01,0.63,11.4,8.195715531411196,melted,13.2,7,chocolate,1.04,3
654,654,4642,0.3,1.3,300,25.0,98.0,0.9896799999999999,8.37,0.43,12.4,8.405127680848864,melted,11.4,7,chocolate,1.25,3
655,655,4644,0.22,3.4,350,40.0,122.0,0.99024,8.09,0.47,12.3,8.54180796269975,melted,13.6,7,chocolate,1.92,3
656,656,4649,0.06,6.8,420,9.0,84.0,0.9943200000000001,8.44,0.44,10.2,7.272642580976594,melted,11.4,7,"nuts, oats, chocolate",1.69,3
657,657,4653,0.28,2.5,350,18.0,73.0,0.9886799999999999,8.1,0.47,12.8,8.748496824719155,melted,12.6,7,raisins,1.08,3
658,658,4665,0.36,8.2,280,44.0,111.0,0.99272,8.14,0.41,12.4,8.4851165469085,melted,14.6,7,"chocolate, oats",1.45,3
659,659,4667,0.34,6.1,340,31.0,114.0,0.99365,8.32,0.58,10.15,7.8237713308139405,melted,12.2,7,"chocolate, oats",1.11,3
660,660,4668,0.33,6.0,360,30.0,111.0,0.9936200000000001,8.32,0.58,10.15,7.820558504852073,melted,12.0,7,"chocolate, oats",1.92,3
661,661,4670,0.49,11.4,350,57.0,137.0,0.9973200000000001,8.08,0.54,8.9,7.6434964666680685,melted,13.2,7,chocolate,1.93,3
662,662,4682,0.33,0.7,270,15.0,66.0,0.9899,8.11,0.31,11.8,8.111366103916225,melted,13.6,7,raisins,1.04,3
663,663,4685,0.32,10.4,620,23.0,114.0,0.9966,8.23,0.49,10.5,7.859676035428777,melted,14.4,7,chocolate,1.18,3
664,664,4688,0.32,12.5,350,18.0,156.0,0.99666,7.88,0.36,9.0,7.1779231258094285,melted,13.4,7,"chocolate, oats",1.32,3
665,665,4690,0.32,12.5,350,18.0,156.0,0.99666,7.88,0.36,9.0,7.181808207695354,melted,13.4,7,"chocolate, oats",1.49,3
666,666,4702,0.09,7.6,440,34.0,144.0,0.9948,8.26,0.38,10.1,7.283438550336939,melted,12.8,7,"nuts, oats, chocolate",1.82,3
667,667,4703,0.28,1.4,370,36.0,83.0,0.99074,8.33,0.42,10.9,7.872520849510352,melted,11.8,7,"chocolate, oats",1.64,3
668,668,4707,0.16,12.55,510,31.0,115.0,0.99564,8.4,0.38,10.8,8.074380202468063,melted,11.2,7,chocolate,1.52,3
669,669,4716,0.38,2.6,330,10.0,69.0,0.9909,8.12,0.59,10.8,8.08290863476924,melted,11.0,7,raisins,1.96,3
670,670,4720,0.32,1.3,440,18.0,93.0,0.99044,8.11,0.56,12.25,8.31355698221995,melted,13.2,7,chocolate,1.73,3
671,671,4721,0.33,10.7,360,27.0,98.0,0.99521,8.34,0.52,10.2,8.169385727678389,melted,12.2,7,raisins,1.77,3
672,672,4735,0.36,1.7,420,14.0,61.0,0.99144,8.22,0.54,10.8,7.749320033628891,melted,12.0,7,"chocolate, oats",1.94,3
673,673,4742,0.32,3.6,350,36.0,133.0,0.99215,8.23,0.46,10.8,7.95724323228518,melted,12.0,7,chocolate,1.6,3
674,674,4745,0.25,2.9,470,289.0,440.0,0.9931399999999999,8.44,0.64,10.5,9.251271250072989,melted,12.2,7,chocolate,1.69,3
675,675,4752,0.36,1.3,350,40.0,78.0,0.9891,8.23,0.64,12.1,8.592678462160592,melted,10.2,7,chocolate,1.35,3
676,676,4755,0.73,2.2,270,21.0,92.0,0.99,8.12,0.48,12.4,8.49540586485702,melted,13.2,7,chocolate,1.5,3
677,677,4756,0.26,3.5,350,38.0,111.0,0.98872,8.18,0.47,13.6,9.084642878652488,melted,12.0,7,raisins,1.14,3
678,678,4771,0.3,13.0,470,69.0,160.0,0.99705,8.16,0.5,9.6,8.004636595202982,melted,13.6,7,chocolate,1.99,3
679,679,4777,0.32,2.0,340,31.0,102.0,0.9895200000000001,8.16,0.56,12.3,8.548862526629307,melted,11.8,7,chocolate,1.99,3
680,680,4783,0.5,12.1,450,38.0,127.0,0.9974,8.04,0.53,8.9,7.675691820378688,melted,13.4,7,raisins,1.57,3
681,681,4800,0.33,1.1,390,45.0,126.0,0.99051,8.31,0.45,11.6,8.237785925500788,melted,12.0,7,chocolate,1.51,3
682,682,4804,0.46,0.9,330,9.0,65.0,0.98934,8.24,0.35,12.1,8.303674788613222,melted,12.0,7,raisins,1.31,3
683,683,4806,0.09,10.9,510,37.0,131.0,0.99566,7.93,0.62,9.5,7.792409747356174,melted,13.2,7,chocolate,1.94,3
684,684,4815,0.01,3.2,410,18.0,120.0,0.99026,8.2,0.94,13.7,8.709046902372307,melted,12.4,7,"nuts, oats",1.26,3
685,685,4817,0.25,3.7,310,38.0,122.0,0.9912799999999999,8.2,0.63,11.2,8.417096929175784,melted,11.6,7,raisins,1.53,3
686,686,4819,0.35,5.1,260,17.0,113.0,0.9905200000000001,8.18,0.67,12.4,8.449519616701963,melted,11.4,7,"nuts, chocolate",1.56,3
687,687,4820,0.5,1.0,1270,63.0,178.0,0.9921200000000001,8.1,0.45,9.7,7.71091911933479,melted,11.6,7,raisins,1.82,3
688,688,4821,0.47,1.3,430,18.0,131.0,0.9917600000000001,8.19,0.45,11.0,7.873649002744543,melted,14.0,7,chocolate,1.31,3
689,689,4824,0.35,10.3,420,54.0,140.0,0.9967,8.23,0.47,9.2,7.6439906188344935,melted,12.8,7,chocolate,1.18,3
690,690,4828,0.35,10.3,420,54.0,140.0,0.9967,8.23,0.47,9.2,7.6524463852920235,melted,12.8,7,chocolate,1.55,3
691,691,4835,0.26,1.1,350,40.0,102.0,0.99154,8.47,0.56,10.6,8.019991598276135,melted,11.2,7,chocolate,1.5,3
692,692,4838,0.24,7.4,380,28.0,114.0,0.99313,8.38,0.51,11.0,8.17605757937659,melted,10.6,7,chocolate,1.97,3
693,693,4851,0.44,8.9,550,52.0,164.0,0.9948799999999999,8.1,0.48,9.6,7.944720379193143,melted,12.8,7,raisins,1.57,3
694,694,4854,0.29,3.9,410,22.0,79.0,0.99005,8.1,0.59,12.066666666666698,8.654380361893772,melted,12.4,7,raisins,1.34,3
695,695,4867,0.34,1.4,310,3.0,60.0,0.98854,8.27,0.38,13.0,8.047168277161148,melted,10.6,7,"nuts, oats, chocolate",1.08,3
696,696,4869,0.33,10.1,320,8.0,81.0,0.99626,8.19,0.51,9.8,7.6229131068141385,melted,13.2,7,chocolate,1.49,3
697,697,4871,0.4,1.9,150,20.0,98.0,0.9897,8.37,0.55,12.05,8.433948143254838,melted,10.0,7,chocolate,1.56,3
698,698,4876,0.42,2.5,380,34.0,117.0,0.9913200000000001,8.36,0.59,11.6,8.498636254467186,melted,12.4,7,raisins,1.56,3
699,699,4877,0.0,0.8,320,12.0,82.0,0.9928600000000001,8.25,0.36,8.8,6.823320005614335,melted,11.8,7,"nuts,raisins",1.61,3
700,700,4879,0.4,8.1,460,68.0,170.0,0.9949399999999999,8.15,0.5,9.53333333333333,8.00705138044168,melted,13.2,7,raisins,1.81,3
701,701,4883,0.17,1.9,350,60.0,148.0,0.98964,8.27,0.35,11.5,7.966669735753214,melted,9.8,7,"nuts, chocolate",1.5,3
702,702,4885,0.4,8.1,460,68.0,170.0,0.9949399999999999,8.15,0.5,9.55,8.003944165568043,melted,13.2,7,raisins,1.54,3
703,703,4886,0.28,5.7,280,45.0,121.0,0.9916799999999999,8.21,1.08,12.15,9.147556756388468,melted,12.4,7,chocolate,1.73,3
704,704,4890,0.29,2.2,360,25.0,100.0,0.9893799999999999,8.06,0.44,11.8,8.405570929994639,melted,12.2,7,raisins,1.9,3
705,705,4896,0.3,1.1,220,20.0,110.0,0.98869,8.34,0.38,12.8,8.509678820227208,melted,11.0,7,chocolate,1.62,3
706,706,14,0.18,3.8,1760,52.0,145.0,0.9986,8.16,0.88,9.2,5.440592970529565,cubed,17.8,7,"nuts, oats, chocolate",1.46,3
707,707,26,0.24,1.8,800,4.0,11.0,0.9962,8.28,0.59,9.5,5.244115678076838,cubed,15.2,7,"nuts, chocolate",1.03,3
708,708,30,0.07,2.4,890,17.0,82.0,0.9958,8.35,0.54,10.1,5.260264500306761,cubed,13.4,7,"nuts, oats, chocolate",1.67,3
709,709,52,0.04,2.1,680,6.0,14.0,0.9955,8.39,0.64,9.4,5.467769785699232,cubed,13.2,7,"nuts,raisins",1.77,3
710,710,100,0.3,2.1,840,11.0,50.0,0.9972,8.4,0.61,10.2,5.313919088614313,cubed,16.6,7,"nuts, oats, chocolate",1.01,3
711,711,180,0.14,2.4,670,10.0,42.0,0.9969,8.19,0.59,9.5,5.142585817500077,cubed,17.6,7,"nuts, oats, chocolate",1.57,3
712,712,204,0.36,1.6,890,14.0,37.0,0.99615,8.34,0.56,9.2,5.204285588386,cubed,14.0,7,"nuts, chocolate",1.66,3
713,713,207,0.31,1.8,690,26.0,120.0,0.99625,8.29,0.53,9.3,5.398454398417755,cubed,15.6,7,"nuts,raisins",1.06,3
714,714,216,0.16,2.0,1010,13.0,49.0,0.9962,8.14,0.57,11.0,5.4447837367986835,cubed,17.4,7,"nuts, oats, chocolate",1.28,3
715,715,228,0.25,2.6,730,29.0,63.0,0.99615,8.37,0.58,10.5,5.697692960171167,cubed,15.4,7,"nuts, chocolate",1.61,3
716,716,293,0.25,2.4,980,5.0,16.0,0.9964,8.41,0.6,10.1,5.761384066116989,cubed,13.8,7,raisins,1.52,3
717,717,309,0.38,1.7,620,9.0,30.0,0.9968,8.41,0.53,9.5,5.4498223044236624,cubed,14.8,7,chocolate,1.64,3
718,718,327,0.5,4.5,1070,5.0,13.0,0.998,8.28,0.83,11.5,6.159597763470259,cubed,20.6,7,"nuts, chocolate",1.03,3
719,719,329,0.39,2.0,610,7.0,15.0,0.9981,8.18,0.62,9.5,5.330080580639191,cubed,21.4,7,"nuts, chocolate",1.36,3
720,720,332,0.28,3.2,660,21.0,114.0,0.9973,8.22,0.54,9.4,5.335150779844184,cubed,16.0,7,"nuts,raisins",1.4,3
721,721,340,0.5,2.4,660,10.0,21.0,1.0,8.12,1.18,9.2,6.119344333338091,cubed,24.4,7,raisins,1.59,3
722,722,347,0.67,3.0,930,6.0,15.0,0.9986,8.02,0.93,12.0,6.4165461076415795,cubed,27.6,7,"nuts, chocolate",1.47,3
723,723,357,0.66,2.95,1160,12.0,29.0,0.997,8.24,0.75,11.7,6.211088579391173,cubed,21.0,7,"nuts, chocolate",1.32,3
724,724,393,0.61,2.0,1120,13.0,95.0,0.997,8.16,0.54,9.1,5.010895330909051,cubed,16.8,7,"nuts, oats, chocolate",1.76,3
725,725,397,0.59,2.6,870,13.0,49.0,0.9988,8.18,0.65,11.0,5.8482897012761725,cubed,23.0,7,"nuts,raisins",1.57,3
726,726,408,0.58,3.7,1740,6.0,16.0,0.997,8.19,0.7,11.3,6.421268431047963,cubed,20.8,7,raisins,1.32,3
727,727,438,0.55,3.2,760,22.0,54.0,0.9996,8.15,0.89,9.9,5.606244088398768,cubed,20.8,7,"nuts, chocolate",1.75,3
728,728,440,0.72,2.2,720,6.0,29.0,0.9987,7.88,0.82,9.8,5.962664568192224,cubed,25.2,7,raisins,1.49,3
729,729,469,0.02,1.2,700,36.0,48.0,0.9952,8.2,0.58,9.8,5.280818326378352,cubed,17.4,7,"chocolate, peanut butter",1.67,3
730,730,480,0.39,15.5,690,6.0,23.0,1.0026,8.12,0.66,9.2,5.934553906600172,cubed,21.2,7,chocolate,1.55,3
731,731,499,0.31,3.0,860,23.0,81.0,1.0002,8.48,0.74,11.6,5.4799730804878095,cubed,17.4,7,"nuts, oats, chocolate",1.82,3
732,732,503,0.47,1.9,780,6.0,24.0,0.9976,8.18,1.04,10.9,6.321798018857095,cubed,21.0,7,chocolate,1.03,3
733,733,510,0.49,4.6,730,19.0,43.0,0.9978,8.02,0.61,9.5,5.762270794690664,cubed,24.8,7,"nuts, chocolate",1.61,3
734,734,541,0.49,6.3,640,5.0,17.0,0.9988,8.21,0.73,11.0,5.875046455679353,cubed,19.0,7,"nuts, chocolate",2.0,3
735,735,607,0.41,3.3,920,26.0,52.0,0.9982,8.31,0.53,10.5,5.475598328998274,cubed,17.6,7,"nuts, chocolate",1.32,3
736,736,617,0.51,2.2,790,14.0,28.0,0.9982,8.03,0.93,9.8,6.1158617875993,cubed,23.0,7,raisins,1.13,3
737,737,642,0.45,2.3,710,16.0,40.0,0.9991,8.39,0.62,9.4,5.3883517019378075,cubed,19.8,7,"nuts,raisins",1.6,3
738,738,699,0.55,2.1,710,5.0,19.0,0.9986,8.11,0.62,10.8,5.967682033061806,cubed,23.6,7,raisins,1.76,3
739,739,714,0.28,2.6,780,21.0,77.0,0.998,8.28,0.51,9.8,5.217975988870734,cubed,19.8,7,"nuts, oats",1.59,3
740,740,722,0.08,2.7,840,15.0,48.0,0.9968,8.21,0.59,10.0,5.306477622273235,cubed,15.2,7,"nuts, chocolate",1.41,3
741,741,759,0.21,2.5,920,33.0,88.0,0.99823,8.19,0.52,9.2,5.086045769042812,cubed,17.6,7,"nuts, chocolate",1.67,3
742,742,836,0.28,2.4,120,36.0,100.0,0.99064,8.26,0.39,11.7,6.6914921096937405,cubed,13.4,7,chocolate,1.84,3
743,743,844,0.46,1.7,620,26.0,42.0,0.9959,8.18,0.83,10.6,6.344170404290395,cubed,19.8,7,chocolate,1.61,3
744,744,881,0.0,2.1,680,30.0,35.0,0.9953299999999999,8.48,0.65,11.4,5.889299633999485,cubed,15.2,7,"nuts, oats",1.41,3
745,745,920,0.37,2.3,910,10.0,23.0,0.9978600000000001,8.24,0.56,10.5,5.44293731841185,cubed,19.2,7,"nuts, chocolate",1.55,3
746,746,988,0.12,1.7,970,19.0,27.0,0.9959600000000001,8.16,0.49,9.4,5.50436547089231,cubed,15.4,7,raisins,1.21,3
747,747,996,0.0,2.2,870,3.0,11.0,0.9937799999999999,8.71,0.63,12.8,6.162480104434508,cubed,11.2,7,"nuts, oats, chocolate",1.43,3
748,748,1009,0.36,2.8,1160,26.0,55.0,0.9972200000000001,8.18,0.68,10.9,5.931613477936651,cubed,19.2,7,"nuts,raisins",1.44,3
749,749,1015,0.46,2.2,750,14.0,27.0,0.99598,8.06,0.84,11.4,6.571433449264674,cubed,21.0,7,raisins,1.43,3
750,750,1016,0.4,2.2,680,12.0,28.0,0.9948600000000001,8.27,0.75,12.6,6.79538188204657,cubed,17.8,7,raisins,1.07,3
751,751,1031,0.01,1.8,930,9.0,15.0,0.9951399999999999,8.35,0.58,11.0,5.795612698442682,cubed,14.6,7,"nuts,raisins",1.78,3
752,752,1063,0.65,2.4,750,6.0,17.0,0.99565,8.22,0.63,11.8,6.437894661898866,cubed,20.4,7,chocolate,1.03,3
753,753,1067,0.53,2.2,600,3.0,10.0,0.99572,8.02,0.83,10.9,6.511168462709406,cubed,22.2,7,raisins,1.38,3
754,754,1071,0.2,8.1,980,30.0,92.0,0.99892,8.2,0.58,9.2,5.19972870385692,cubed,15.0,7,"nuts, oats",1.4,3
755,755,1080,0.56,1.4,470,3.0,8.0,0.99471,8.16,0.51,11.8,6.334938941946149,cubed,20.6,7,chocolate,1.61,3
756,756,1085,0.08,1.8,740,40.0,64.0,0.99529,8.12,0.49,9.6,5.274973895458288,cubed,13.6,7,"nuts, chocolate",1.59,3
757,757,1117,0.07,2.5,910,15.0,21.0,0.99572,8.38,0.6,11.3,5.596632171049919,cubed,14.0,7,"nuts, oats, chocolate",1.24,3
758,758,1146,0.12,1.8,1780,6.0,21.0,0.996,8.28,0.87,9.8,5.751404409632585,cubed,15.6,7,"nuts,raisins",1.49,3
759,759,1154,0.0,2.2,1000,50.0,63.0,0.99544,8.59,0.68,11.4,6.220598910676443,cubed,13.2,7,"nuts,raisins",1.47,3
760,760,1156,0.51,1.75,710,45.0,88.0,0.99524,8.33,0.76,11.8,6.4826828435369634,cubed,17.0,7,"chocolate, oats",1.13,3
761,761,1182,0.4,2.5,680,41.0,54.0,0.99754,8.38,0.86,10.5,6.135698299870825,cubed,20.4,7,"nuts, chocolate",1.65,3
762,762,1206,0.46,2.1,740,24.0,44.0,0.99534,8.4,0.85,11.0,6.47975970192212,cubed,14.4,7,raisins,1.12,3
763,763,1213,0.42,1.9,710,5.0,13.0,0.99659,8.15,0.75,10.5,6.101830437181604,cubed,19.2,7,raisins,1.82,3
764,764,1229,0.29,2.1,750,19.0,66.0,0.99718,8.4,0.64,9.5,5.325683181623845,cubed,15.2,7,"nuts, chocolate",1.15,3
765,765,1231,0.01,2.6,740,48.0,90.0,0.99621,8.38,0.62,10.8,5.531972918416329,cubed,15.6,7,"chocolate, peanut butter",1.77,3
766,766,1259,0.0,2.7,1230,15.0,33.0,0.9953799999999999,8.44,0.63,11.3,5.699582954763969,cubed,13.6,7,"nuts, oats, chocolate",1.24,3
767,767,1327,0.24,1.7,770,18.0,34.0,0.9948,8.39,0.6,10.6,5.716978089312761,cubed,13.4,7,"nuts, chocolate",1.55,3
768,768,1341,0.02,1.7,840,13.0,31.0,0.9953799999999999,8.36,0.54,10.5,5.67063835180582,cubed,15.0,7,"nuts,raisins",1.97,3
769,769,1375,0.26,2.0,830,13.0,100.0,0.9958600000000001,8.26,0.52,9.9,5.43178062552488,cubed,14.4,7,"nuts,raisins",1.7,3
770,770,1402,0.42,2.0,520,6.0,24.0,0.9963,8.44,0.82,11.9,6.44368397661043,cubed,15.2,7,raisins,1.84,3
771,771,1416,0.59,2.2,770,3.0,15.0,0.9994,8.2,0.78,9.6,5.643154970014081,cubed,20.0,7,raisins,1.73,3
772,772,1435,0.37,15.4,2140,55.0,95.0,1.00369,8.18,0.77,9.0,5.908762176970555,cubed,20.4,7,"nuts,raisins",1.0,3
773,773,1438,0.0,1.7,520,3.0,8.0,0.996,8.41,0.47,10.3,5.367032430427088,cubed,14.0,7,"nuts,raisins",1.21,3
774,774,1442,0.02,1.9,780,18.0,30.0,0.9971200000000001,8.4,0.75,9.8,5.2053981914882,cubed,13.8,7,"nuts, oats, chocolate",1.01,3
775,775,1445,0.19,5.2,940,19.0,98.0,0.99713,8.16,0.52,9.6,5.166129345161352,cubed,14.8,7,"nuts, oats",1.68,3
776,776,1461,0.0,2.1,600,6.0,13.0,0.99664,8.59,0.61,10.0,5.173378609457529,cubed,12.4,7,"nuts, oats",1.38,3
777,777,1467,0.08,2.3,670,19.0,32.0,0.9964799999999999,8.52,0.57,11.0,5.2775949116250445,cubed,13.4,7,peanut butter,1.63,3
778,778,1474,0.5,13.8,2050,48.0,82.0,1.00242,8.16,0.75,8.8,5.882453959672262,cubed,19.8,7,"nuts,raisins",1.9,3
